{
  "results": [
    {
      "command": "./bb_gemm_base",
      "mean": 0.20136942900000002,
      "stddev": 0.002366892994835214,
      "median": 0.201090559,
      "user": 0.18888053999999999,
      "system": 0.00395872,
      "min": 0.197447459,
      "max": 0.204695359,
      "times": [
        0.197447459,
        0.19954965900000002,
        0.20148395900000002,
        0.200641959,
        0.199379059,
        0.20458515900000002,
        0.203730559,
        0.201301659,
        0.204695359,
        0.200879459
      ],
      "exit_codes": [
        0,
        0,
        0,
        0,
        0,
        0,
        0,
        0,
        0,
        0
      ]
    },
    {
      "command": "./bb_gemm_1_2",
      "mean": 0.201866418,
      "stddev": 0.003259522730298617,
      "median": 0.200476608,
      "user": 0.19196244,
      "system": 0.00108132,
      "min": 0.199341558,
      "max": 0.20993725800000002,
      "times": [
        0.20391145800000002,
        0.20376085800000002,
        0.199780058,
        0.20993725800000002,
        0.20006595800000002,
        0.20013255800000002,
        0.200820658,
        0.199878958,
        0.199341558,
        0.201034858
      ],
      "exit_codes": [
        0,
        0,
        0,
        0,
        0,
        0,
        0,
        0,
        0,
        0
      ]
    },
    {
      "command": "./bb_gemm_1_4",
      "mean": 0.2015891995,
      "stddev": 0.001960153348440042,
      "median": 0.20091466000000002,
      "user": 0.18856774,
      "system": 0.0049256,
      "min": 0.198176658,
      "max": 0.20435586,
      "times": [
        0.20040665800000002,
        0.198176658,
        0.200249059,
        0.20090936,
        0.20239926,
        0.20418036,
        0.20435586,
        0.20091996,
        0.20340876,
        0.20088606
      ],
      "exit_codes": [
        0,
        0,
        0,
        0,
        0,
        0,
        0,
        0,
        0,
        0
      ]
    },
    {
      "command": "./bb_gemm_1_8",
      "mean": 0.20012454919999997,
      "stddev": 0.0015827856319737736,
      "median": 0.199785259,
      "user": 0.18859334,
      "system": 0.0038978999999999993,
      "min": 0.19803515900000002,
      "max": 0.203570359,
      "times": [
        0.199572459,
        0.19803515900000002,
        0.20087865900000001,
        0.199871559,
        0.200904059,
        0.199698959,
        0.203570359,
        0.201134159,
        0.198775059,
        0.198805061
      ],
      "exit_codes": [
        0,
        0,
        0,
        0,
        0,
        0,
        0,
        0,
        0,
        0
      ]
    },
    {
      "command": "./bb_gemm_1_16",
      "mean": 0.20385818100000003,
      "stddev": 0.010478440700027845,
      "median": 0.200967411,
      "user": 0.19216374000000003,
      "system": 0.0022079799999999996,
      "min": 0.197811661,
      "max": 0.233020461,
      "times": [
        0.197811661,
        0.205145361,
        0.199038861,
        0.202487661,
        0.199858861,
        0.201394361,
        0.197889761,
        0.200868961,
        0.201065861,
        0.233020461
      ],
      "exit_codes": [
        0,
        0,
        0,
        0,
        0,
        0,
        0,
        0,
        0,
        0
      ]
    },
    {
      "command": "./bb_gemm_1_32",
      "mean": 0.20082960170000003,
      "stddev": 0.002235401850904421,
      "median": 0.2006419115,
      "user": 0.19152504,
      "system": 0.00195412,
      "min": 0.197333162,
      "max": 0.204861062,
      "times": [
        0.197333162,
        0.204861062,
        0.200872462,
        0.200645861,
        0.198961061,
        0.198814562,
        0.202600862,
        0.200637962,
        0.200386261,
        0.20318276200000002
      ],
      "exit_codes": [
        0,
        0,
        0,
        0,
        0,
        0,
        0,
        0,
        0,
        0
      ]
    },
    {
      "command": "./bb_gemm_1_64",
      "mean": 0.20167691000000004,
      "stddev": 0.0016299311051972572,
      "median": 0.20146786049999998,
      "user": 0.19089574000000004,
      "system": 0.00285298,
      "min": 0.19890786,
      "max": 0.20516936,
      "times": [
        0.20050816100000002,
        0.201192161,
        0.201673461,
        0.19890786,
        0.20516936,
        0.202263059,
        0.20126226,
        0.202846259,
        0.20098416,
        0.201962359
      ],
      "exit_codes": [
        0,
        0,
        0,
        0,
        0,
        0,
        0,
        0,
        0,
        0
      ]
    }
  ]
}
