{
  "results": [
    {
      "command": "./fft_base",
      "mean": 0.010618841398378381,
      "stddev": 0.0009178826404183752,
      "median": 0.01051943602,
      "user": 0.0007860194594594595,
      "system": 0.00011527837837837837,
      "min": 0.00882893602,
      "max": 0.01385723602,
      "times": [
        0.01000563602,
        0.01012693602,
        0.01035143602,
        0.01051943602,
        0.00946803602,
        0.01060963602,
        0.00882893602,
        0.00963573602,
        0.01065843602,
        0.01055423602,
        0.01042323602,
        0.01059383602,
        0.011918136020000001,
        0.01073703602,
        0.01385723602,
        0.00960833602,
        0.01036733602,
        0.01040583602,
        0.00966523602,
        0.01056983502,
        0.00971713602,
        0.01239153602,
        0.01117073602,
        0.01088943602,
        0.01101803602,
        0.01148953602,
        0.01132863602,
        0.01014153602,
        0.01146543602,
        0.01003383602,
        0.00972063602,
        0.01037953602,
        0.01170133602,
        0.01000143602,
        0.01049533602,
        0.01085333602,
        0.01119513602
      ],
      "exit_codes": [
        0,
        0,
        0,
        0,
        0,
        0,
        0,
        0,
        0,
        0,
        0,
        0,
        0,
        0,
        0,
        0,
        0,
        0,
        0,
        0,
        0,
        0,
        0,
        0,
        0,
        0,
        0,
        0,
        0,
        0,
        0,
        0,
        0,
        0,
        0,
        0,
        0
      ]
    },
    {
      "command": "./fft_14_2",
      "mean": 0.011394700071282052,
      "stddev": 0.003165466216750627,
      "median": 0.01087463602,
      "user": 0.0009285599999999997,
      "system": 0.00012869641025641025,
      "min": 0.00875733602,
      "max": 0.029658736020000003,
      "times": [
        0.00956853602,
        0.00982883602,
        0.01089363602,
        0.01011153602,
        0.00929193602,
        0.01122013502,
        0.01120363602,
        0.01029573602,
        0.01091743602,
        0.01082563602,
        0.01074423602,
        0.01038673602,
        0.01070793602,
        0.01065863602,
        0.01041233602,
        0.01087463602,
        0.01253343602,
        0.01108353602,
        0.01340573602,
        0.01156793602,
        0.01067883602,
        0.01006273602,
        0.01092693602,
        0.011881036020000001,
        0.01130643602,
        0.01097383602,
        0.01112573502,
        0.01079073602,
        0.01204983602,
        0.01012593602,
        0.01168543602,
        0.01397003602,
        0.01216123602,
        0.029658736020000003,
        0.01048103602,
        0.01003443602,
        0.01010673602,
        0.01108403602,
        0.00875733602
      ],
      "exit_codes": [
        0,
        0,
        0,
        0,
        0,
        0,
        0,
        0,
        0,
        0,
        0,
        0,
        0,
        0,
        0,
        0,
        0,
        0,
        0,
        0,
        0,
        0,
        0,
        0,
        0,
        0,
        0,
        0,
        0,
        0,
        0,
        0,
        0,
        0,
        0,
        0,
        0,
        0,
        0
      ]
    },
    {
      "command": "./fft_14_4",
      "mean": 0.011206369353333334,
      "stddev": 0.003337193150623955,
      "median": 0.01054988602,
      "user": 0.0009776155555555556,
      "system": 0.00006968277777777777,
      "min": 0.0072551360200000005,
      "max": 0.029396936020000004,
      "times": [
        0.01027933602,
        0.01091193602,
        0.01220123602,
        0.029396936020000004,
        0.01018523602,
        0.00987383602,
        0.00930713602,
        0.01188573602,
        0.01011613602,
        0.00980263602,
        0.01057033602,
        0.01158333602,
        0.01084133602,
        0.01017283602,
        0.01052943602,
        0.01051223602,
        0.01116613602,
        0.01104413602,
        0.0072551360200000005,
        0.01036283602,
        0.01083483602,
        0.01060383602,
        0.01051553602,
        0.01336573602,
        0.00820813602,
        0.01034663602,
        0.00956433602,
        0.01107223602,
        0.01130923602,
        0.01027733602,
        0.01308093602,
        0.01293823602,
        0.01179073602,
        0.01042473602,
        0.01000863602,
        0.01109023602
      ],
      "exit_codes": [
        0,
        0,
        0,
        0,
        0,
        0,
        0,
        0,
        0,
        0,
        0,
        0,
        0,
        0,
        0,
        0,
        0,
        0,
        0,
        0,
        0,
        0,
        0,
        0,
        0,
        0,
        0,
        0,
        0,
        0,
        0,
        0,
        0,
        0,
        0,
        0
      ]
    },
    {
      "command": "./fft_14_8",
      "mean": 0.011460161734285712,
      "stddev": 0.0013818319201320392,
      "median": 0.01134663602,
      "user": 0.0007815885714285714,
      "system": 0.000159772,
      "min": 0.00944503602,
      "max": 0.01531683602,
      "times": [
        0.01178863602,
        0.01092113602,
        0.01083933602,
        0.014998336020000001,
        0.01531683602,
        0.01218663602,
        0.01055423602,
        0.01146603602,
        0.01193003602,
        0.01143713602,
        0.01207303602,
        0.01071623602,
        0.01296683602,
        0.01263243602,
        0.01131753602,
        0.01218663602,
        0.01087703602,
        0.01247083602,
        0.01079723602,
        0.01109233602,
        0.01134663602,
        0.01318783602,
        0.01125513602,
        0.00976063602,
        0.01140933602,
        0.01107863602,
        0.01187413602,
        0.01174873602,
        0.01011573602,
        0.01290243602,
        0.00944503602,
        0.00944723602,
        0.00959463602,
        0.00962513602,
        0.00974583602
      ],
      "exit_codes": [
        0,
        0,
        0,
        0,
        0,
        0,
        0,
        0,
        0,
        0,
        0,
        0,
        0,
        0,
        0,
        0,
        0,
        0,
        0,
        0,
        0,
        0,
        0,
        0,
        0,
        0,
        0,
        0,
        0,
        0,
        0,
        0,
        0,
        0,
        0
      ]
    },
    {
      "command": "./fft_14_16",
      "mean": 0.01175037719647059,
      "stddev": 0.0010877474785266103,
      "median": 0.01161248602,
      "user": 0.0008841776470588236,
      "system": 0.00007595823529411765,
      "min": 0.01021473602,
      "max": 0.01589773602,
      "times": [
        0.012195036020000001,
        0.01134293602,
        0.01261873602,
        0.01090273602,
        0.01071933602,
        0.01157713602,
        0.01158823602,
        0.01176043602,
        0.01589773602,
        0.01197973602,
        0.01145713602,
        0.01170293602,
        0.01173633602,
        0.01157613602,
        0.01213093602,
        0.01126683602,
        0.01196853602,
        0.01240723602,
        0.01230003602,
        0.01027493602,
        0.01154343602,
        0.01051333602,
        0.011955536020000001,
        0.01184023602,
        0.01163673602,
        0.01116853602,
        0.01467613602,
        0.01175173602,
        0.01122103602,
        0.01021473602,
        0.01139483602,
        0.01049053602,
        0.01136473602,
        0.01233813602
      ],
      "exit_codes": [
        0,
        0,
        0,
        0,
        0,
        0,
        0,
        0,
        0,
        0,
        0,
        0,
        0,
        0,
        0,
        0,
        0,
        0,
        0,
        0,
        0,
        0,
        0,
        0,
        0,
        0,
        0,
        0,
        0,
        0,
        0,
        0,
        0,
        0
      ]
    },
    {
      "command": "./fft_14_32",
      "mean": 0.011604233162857145,