{
  "results": [
    {
      "command": "./fft_base",
      "mean": 0.008756694153333336,
      "stddev": 0.0010227922450851618,
      "median": 0.00863403202,
      "user": 0.0005853537777777777,
      "system": 0.0001120902222222222,
      "min": 0.00666583202,
      "max": 0.011332232020000001,
      "times": [
        0.009112631020000001,
        0.01010793202,
        0.00758763202,
        0.00895613202,
        0.00967333202,
        0.009670432020000001,
        0.00877233202,
        0.00995023202,
        0.00939513202,
        0.007463432020000001,
        0.00823023202,
        0.00783713202,
        0.00816403202,
        0.00809033202,
        0.0073054320200000005,
        0.011332232020000001,
        0.00920613202,
        0.00799623202,
        0.008589432020000001,
        0.00874953202,
        0.00666583202,
        0.00842723202,
        0.00734113202,
        0.00866513202,
        0.00822883202,
        0.00898973202,
        0.00845423202,
        0.00879613102,
        0.00881673202,
        0.00690453202,
        0.010112732020000001,
        0.00863403202,
        0.008800032020000001,
        0.00984383202,
        0.008276832020000001,
        0.01061883102,
        0.00959173202,
        0.00846833202,
        0.00820673102,
        0.00818323202,
        0.01113733202,
        0.00792413202,
        0.00839473202,
        0.00976293202,
        0.00861633202
      ],
      "exit_codes": [
        0,
        0,
        0,
        0,
        0,
        0,
        0,
        0,
        0,
        0,
        0,
        0,
        0,
        0,
        0,
        0,
        0,
        0,
        0,
        0,
        0,
        0,
        0,
        0,
        0,
        0,
        0,
        0,
        0,
        0,
        0,
        0,
        0,
        0,
        0,
        0,
        0,
        0,
        0,
        0,
        0,
        0,
        0,
        0,
        0
      ]
    },
    {
      "command": "./fft_24_2",
      "mean": 0.008859157781904764,
      "stddev": 0.0009527041291559623,
      "median": 0.00864948152,
      "user": 0.000610958095238095,
      "system": 0.00010010666666666666,
      "min": 0.007463432020000001,
      "max": 0.011374931020000001,
      "times": [
        0.00787833102,
        0.01038323202,
        0.00871363202,
        0.009441732020000001,
        0.00865823202,
        0.00898913102,
        0.00902983202,
        0.00891923202,
        0.00863083102,
        0.008562532020000001,
        0.00901813202,
        0.00831303102,
        0.00821393202,
        0.008847932020000001,
        0.010742231020000001,
        0.00808713202,
        0.010483632020000001,
        0.00921983202,
        0.01098713102,
        0.007849331020000001,
        0.011374931020000001,
        0.00815003202,
        0.008720631020000001,
        0.01004973202,
        0.00757233102,
        0.00883823102,
        0.00864073102,
        0.00847503202,
        0.00942883202,
        0.00822953102,
        0.007463432020000001,
        0.00780553202,
        0.008493131020000001,
        0.010752432020000001,
        0.008453032020000001,
        0.008029231020000001,
        0.00881433102,
        0.00832043202,
        0.00791423102,
        0.00834263202,
        0.00839503102,
        0.00885213202
      ],
      "exit_codes": [
        0,
        0,
        0,
        0,
        0,
        0,
        0,
        0,
        0,
        0,
        0,
        0,
        0,
        0,
        0,
        0,
        0,
        0,
        0,
        0,
        0,
        0,
        0,
        0,
        0,
        0,
        0,
        0,
        0,
        0,
        0,
        0,
        0,
        0,
        0,
        0,
        0,
        0,
        0,
        0,
        0,
        0
      ]
    },
    {
      "command": "./fft_24_4",
      "mean": 0.008881669943076924,
      "stddev": 0.003392325206988846,
      "median": 0.00820093102,
      "user": 0.0006829969230769229,
      "system": 0.00013783692307692304,
      "min": 0.00647343102,
      "max": 0.028582031020000002,
      "times": [
        0.0075864320200000005,
        0.00808993102,
        0.00760263102,
        0.009547232020000001,
        0.00820093102,
        0.008846132020000001,
        0.009320331020000001,
        0.00885393102,
        0.00859153202,
        0.00931023102,
        0.008248631020000001,
        0.009686232020000001,
        0.00734733202,
        0.00683763202,
        0.006821932020000001,
        0.01029083102,
        0.008045331020000001,
        0.028582031020000002,
        0.00811763102,
        0.00808133202,
        0.00809863202,
        0.00936043102,
        0.007237431020000001,
        0.007955832020000001,
        0.00846313102,
        0.00647343102,
        0.01075963102,
        0.007804532020000001,
        0.00987573202,
        0.006862331020000001,
        0.00838283202,
        0.00859163102,
        0.007749332020000001,
        0.00788883202,
        0.00997073102,
        0.007043431020000001,
        0.00886853202,
        0.00796713102,
        0.00902333202
      ],
      "exit_codes": [
        0,
        0,
        0,
        0,
        0,
        0,
        0,
        0,
        0,
        0,
        0,
        0,
        0,
        0,
        0,
        0,
        0,
        0,
        0,
        0,
        0,
        0,
        0,
        0,
        0,
        0,
        0,
        0,
        0,
        0,
        0,
        0,
        0,
        0,
        0,
        0,
        0,
        0,
        0
      ]
    },
    {
      "command": "./fft_24_8",
      "mean": 0.008720418520000002,
      "stddev": 0.0012865828648378065,
      "median": 0.00854868202,
      "user": 0.0006211815789473682,
      "system": 0.00010993368421052631,
      "min": 0.00660683202,
      "max": 0.01207513202,
      "times": [
        0.008783431020000001,
        0.01014923102,
        0.008232732020000001,
        0.00825933102,
        0.00891473102,
        0.00823373202,
        0.00930203202,
        0.011999932020000001,
        0.00894373102,
        0.007208231020000001,
        0.009542631020000001,
        0.00962063202,
        0.00910073102,
        0.00799633202,
        0.0068941310199999994,
        0.00957633202,
        0.007360631020000001,
        0.00724363202,
        0.00886023202,
        0.00832733102,
        0.009276432020000001,
        0.01207513202,
        0.011122732020000001,
        0.00997393102,
        0.00795983202,
        0.00660683202,
        0.00811723202,
        0.00669293202,
        0.00975293202,
        0.008746832020000001,
        0.00891783202,
        0.009863232020000001,
        0.0077993310199999995,
        0.007732732020000001,
        0.00799843202,
        0.00800863202,
        0.00783063202,
        0.00835053202
      ],
      "exit_codes": [
        0,
        0,
        0,
        0,
        0,
        0,
        0,
        0,
        0,
        0,
        0,
        0,
        0,
        0,
        0,
        0,
        0,
        0,
        0,
        0,
        0,
        0,
        0,
        0,
        0,
        0,
        0,
        0,
        0,
        0,
        0,
        0,
        0,
        0,
        0,
        0,
        0,
        0
      ]
    },
    {
      "command": "./fft_24_16",
      "mean": 0.008912100190731709,
      "stddev": 0.0009912525770441633,
      "median": 0.008714732020000001,
      "user": 0.0006164692682926828,
      "system": 0.00008414390243902438,
      "min": 0.00704093202,
      "max": 0.012709132020000001,