{
  "results": [
    {
      "command": "./fft_base",
      "mean": 0.008672699084999996,
      "stddev": 0.0031631718127746655,
      "median": 0.008022323959999998,
      "user": 0.0005155559999999999,
      "system": 0.000060311,
      "min": 0.00620647496,
      "max": 0.02693627396,
      "times": [
        0.009073473959999998,
        0.00831787396,
        0.006852474959999999,
        0.007066873959999999,
        0.008945473959999999,
        0.007587773959999999,
        0.006612673959999999,
        0.008026573959999998,
        0.008787073959999999,
        0.008472774959999999,
        0.012228373959999999,
        0.008713473959999999,
        0.008527473959999999,
        0.009448673959999999,
        0.008090773959999999,
        0.010972673959999998,
        0.008014273959999998,
        0.007921874959999999,
        0.008531773959999999,
        0.00785027396,
        0.008812473959999999,
        0.009287873959999998,
        0.007978973959999998,
        0.007855573959999999,
        0.007831673959999999,
        0.00771467396,
        0.007624173959999999,
        0.009390573959999999,
        0.008196474959999998,
        0.008584773959999998,
        0.00868007396,
        0.007699273959999999,
        0.00789577396,
        0.006813673959999999,
        0.0069717739599999985,
        0.00620647496,
        0.007010673959999998,
        0.008018073959999998,
        0.02693627396,
        0.00735597396
      ],
      "exit_codes": [
        0,
        0,
        0,
        0,
        0,
        0,
        0,
        0,
        0,
        0,
        0,
        0,
        0,
        0,
        0,
        0,
        0,
        0,
        0,
        0,
        0,
        0,
        0,
        0,
        0,
        0,
        0,
        0,
        0,
        0,
        0,
        0,
        0,
        0,
        0,
        0,
        0,
        0,
        0,
        0
      ]
    },
    {
      "command": "./fft_7_2",
      "mean": 0.00843678685473684,
      "stddev": 0.00322472071419117,
      "median": 0.007810123959999999,
      "user": 0.000500277894736842,
      "system": 0.00006685368421052631,
      "min": 0.006461073959999999,
      "max": 0.02696796796,
      "times": [
        0.008873273959999999,
        0.00830467496,
        0.007519773959999998,
        0.0072594739599999986,
        0.006843873959999998,
        0.007759173959999999,
        0.00786107396,
        0.007043473959999999,
        0.0066697749599999995,
        0.007405173959999999,
        0.007983573959999999,
        0.00771147396,
        0.007320273959999998,
        0.01062307396,
        0.008856373959999999,
        0.010396873959999999,
        0.007862274959999999,
        0.008793273959999999,
        0.007757873959999998,
        0.008097473959999999,
        0.00833897396,
        0.008118473959999999,
        0.008649773959999999,
        0.00999897396,
        0.00822327396,
        0.007983873959999999,
        0.00755137396,
        0.006461073959999999,
        0.007233674959999999,
        0.007313173959999999,
        0.007291673959999998,
        0.008559573959999999,
        0.00697497496,
        0.02696796796,
        0.00774027196,
        0.007146671959999998,
        0.007886171959999999,
        0.007215670959999998
      ],
      "exit_codes": [
        0,
        0,
        0,
        0,
        0,
        0,
        0,
        0,
        0,
        0,
        0,
        0,
        0,
        0,
        0,
        0,
        0,
        0,
        0,
        0,
        0,
        0,
        0,
        0,
        0,
        0,
        0,
        0,
        0,
        0,
        0,
        0,
        0,
        0,
        0,
        0,
        0,
        0
      ]
    },
    {
      "command": "./fft_7_4",
      "mean": 0.008150641285581399,
      "stddev": 0.0030392893249197163,
      "median": 0.007618170959999998,
      "user": 0.0004652344186046512,
      "system": 0.00008523627906976744,
      "min": 0.006184771959999998,
      "max": 0.02711446696,
      "times": [
        0.00782707196,
        0.006849571959999998,
        0.00832627096,
        0.007619771959999999,
        0.02711446696,
        0.008712370959999998,
        0.00751777096,
        0.00810537196,
        0.008189170959999999,
        0.00777277096,
        0.00834587096,
        0.00675207196,
        0.00813847196,
        0.007147771959999999,
        0.009401170959999998,
        0.008523070959999999,
        0.00730297196,
        0.007482770959999999,
        0.007618170959999998,
        0.008187370959999999,
        0.00874397096,
        0.008077871959999998,
        0.0076669719599999995,
        0.007181871959999999,
        0.00809077196,
        0.007011970959999999,
        0.00757697196,
        0.007121971959999999,
        0.006802971959999999,
        0.007076471959999999,
        0.006184771959999998,
        0.0074712719599999994,
        0.007584671959999999,
        0.007403271959999999,
        0.00689727196,
        0.0074557719599999996,
        0.006921071959999999,
        0.00961407196,
        0.007490470959999999,
        0.007442371959999999,
        0.00787637196,
        0.007909871959999999,
        0.007940171959999999
      ],
      "exit_codes": [
        0,
        0,
        0,
        0,
        0,
        0,
        0,
        0,
        0,
        0,
        0,
        0,
        0,
        0,
        0,
        0,
        0,
        0,
        0,
        0,
        0,
        0,
        0,
        0,
        0,
        0,
        0,
        0,
        0,
        0,
        0,
        0,
        0,
        0,
        0,
        0,
        0,
        0,
        0,
        0,
        0,
        0,
        0
      ]
    },
    {
      "command": "./fft_7_8",
      "mean": 0.007961778165128202,
      "stddev": 0.0007509076834880424,
      "median": 0.00784787396,
      "user": 0.00037998461538461527,
      "system": 0.00006839589743589744,
      "min": 0.006105673959999999,
      "max": 0.00949237096,
      "times": [
        0.00949237096,
        0.006653670959999998,
        0.007455671959999998,
        0.007801270959999999,
        0.0072934709599999994,
        0.007217471959999999,
        0.007102671959999999,
        0.006858771959999999,
        0.007282071959999999,
        0.008803171959999998,
        0.007309370959999999,
        0.007953371959999999,
        0.008199871959999999,
        0.007689671959999998,
        0.008299570959999999,
        0.00896227096,
        0.00748857396,
        0.0071972739599999985,
        0.00784787396,
        0.00841227396,
        0.008300273959999998,
        0.00818257496,
        0.008012473959999999,
        0.00783677396,
        0.00867977396,
        0.007338373959999998,
        0.008369574959999999,
        0.00850747396,
        0.008670373959999998,
        0.007741373959999999,
        0.007814373959999999,
        0.00834217396,
        0.007844873959999998,
        0.008829174959999998,
        0.007674573959999998,
        0.009390573959999999,
        0.00835677396,
        0.006105673959999999,
        0.009191373959999999
      ],
      "exit_codes": [
        0,
        0,
        0,
        0,
        0,
        0,
        0,
        0,
        0,
        0,
        0,
        0,
        0,
        0,
        0,
        0,
        0,
        0,
        0,
        0,
        0,
        0,
        0,
        0,
        0,
        0,
        0,
        0,
        0,
        0,
        0,
        0,
        0,
        0,
        0,
        0,
        0,
        0,
        0
      ]
    },
    {
      "command": "./fft_7_16",
      "mean": 0.007453908130731707,
      "stddev": 0.0007387726343085506,
      "median": 0.007361073959999999,
      "user": 0.00032065560975609743,
      "system": 0.00013553024390243904,
      "min": 0.006166473959999998,
      "max": 0.00894237396,