{
  "results": [
    {
      "command": "./fft_base",
      "mean": 0.011122495980000003,
      "stddev": 0.0024192043695439812,
      "median": 0.01050078598,
      "user": 0.0007921933333333334,
      "system": 0.00010977866666666666,
      "min": 0.00826808598,
      "max": 0.020742885980000004,
      "times": [
        0.00966018598,
        0.00996908598,
        0.009030585980000002,
        0.01106558598,
        0.00984818598,
        0.011315285980000003,
        0.020742885980000004,
        0.014126585980000002,
        0.01134778598,
        0.01034478598,
        0.009908085980000002,
        0.01169538598,
        0.012439485980000001,
        0.01189298598,
        0.00826808598,
        0.008730285980000002,
        0.014538385980000002,
        0.01048448598,
        0.010100185980000002,
        0.011571785980000002,
        0.01043078598,
        0.01074788598,
        0.014400285980000004,
        0.011749385980000002,
        0.01051708598,
        0.009172685980000001,
        0.009597885980000002,
        0.009762685980000001,
        0.00860748598,
        0.011608585980000002
      ],
      "exit_codes": [
        0,
        0,
        0,
        0,
        0,
        0,
        0,
        0,
        0,
        0,
        0,
        0,
        0,
        0,
        0,
        0,
        0,
        0,
        0,
        0,
        0,
        0,
        0,
        0,
        0,
        0,
        0,
        0,
        0,
        0
      ]
    },
    {
      "command": "./fft_30_2",
      "mean": 0.010776821496129031,
      "stddev": 0.003829883670455705,
      "median": 0.009780685980000002,
      "user": 0.0007881225806451614,
      "system": 0.00024838903225806456,
      "min": 0.00785248598,
      "max": 0.02999468598,
      "times": [
        0.01234568598,
        0.00889118598,
        0.00930138598,
        0.009319686980000002,
        0.00865058598,
        0.010262585980000002,
        0.009780685980000002,
        0.009717785980000001,
        0.012560285980000002,
        0.01165698598,
        0.01023618598,
        0.01248878598,
        0.01240288598,
        0.02999468598,
        0.01025058598,
        0.011215585980000001,
        0.00971388598,
        0.01192848598,
        0.00945968598,
        0.007984785980000002,
        0.01140098598,
        0.009632885980000002,
        0.010901185980000002,
        0.009251985980000002,
        0.008701085980000002,
        0.00785248598,
        0.01002228598,
        0.009300385979999999,
        0.00888308598,
        0.008151285980000002,
        0.011821385980000002
      ],
      "exit_codes": [
        0,
        0,
        0,
        0,
        0,
        0,
        0,
        0,
        0,
        0,
        0,
        0,
        0,
        0,
        0,
        0,
        0,
        0,
        0,
        0,
        0,
        0,
        0,
        0,
        0,
        0,
        0,
        0,
        0,
        0,
        0
      ]
    },
    {
      "command": "./fft_30_4",
      "mean": 0.009822121332941178,
      "stddev": 0.0009217317623037789,
      "median": 0.00966493598,
      "user": 0.0006345529411764706,
      "system": 0.0001525405882352941,
      "min": 0.00772388598,
      "max": 0.011710686980000003,
      "times": [
        0.01001188598,
        0.010892585980000001,
        0.010981885980000002,
        0.010263285980000002,
        0.00930438598,
        0.011085385980000001,
        0.011503585980000001,
        0.00956378598,
        0.01123328598,
        0.011237285980000001,
        0.00976538598,
        0.009991585980000002,
        0.009520285980000001,
        0.00970918598,
        0.00920338598,
        0.009044185980000001,
        0.00868978598,
        0.00884878598,
        0.009620685980000002,
        0.00907068598,
        0.011710686980000003,
        0.009292885980000002,
        0.01015828598,
        0.008194185980000001,
        0.009808085980000002,
        0.00947178698,
        0.00982718598,
        0.009437185980000002,
        0.01018808598,
        0.009031785980000002,
        0.009499885980000001,
        0.00772388598,
        0.01046288598,
        0.00960398598
      ],
      "exit_codes": [
        0,
        0,
        0,
        0,
        0,
        0,
        0,
        0,
        0,
        0,
        0,
        0,
        0,
        0,
        0,
        0,
        0,
        0,
        0,
        0,
        0,
        0,
        0,
        0,
        0,
        0,
        0,
        0,
        0,
        0,
        0,
        0,
        0,
        0
      ]
    },
    {
      "command": "./fft_30_8",
      "mean": 0.010436547091111109,
      "stddev": 0.0011354452677952952,
      "median": 0.010267435980000001,
      "user": 0.000785111111111111,
      "system": 0.000044046666666666666,
      "min": 0.008525385980000001,
      "max": 0.013072785980000001,
      "times": [
        0.010386585980000002,
        0.00941348598,
        0.01301818598,
        0.01241448598,
        0.00958638598,
        0.008525385980000001,
        0.01187058598,
        0.01020448598,
        0.01164938598,
        0.010843885980000002,
        0.010330385980000002,
        0.009846185980000002,
        0.00969348598,
        0.009111685979999999,
        0.011649685980000001,
        0.00969758598,
        0.00880668598,
        0.01092968598,
        0.011811985980000002,
        0.01101768598,
        0.010817085980000002,
        0.01107728598,
        0.00971388598,
        0.009606085980000002,
        0.01058958598,
        0.010332785980000002,
        0.010118985980000002,
        0.00998608598,
        0.00868788598,
        0.009865385980000002,
        0.01016728598,
        0.009838085980000001,
        0.01088918598,
        0.01112648598,
        0.009018885980000002,
        0.013072785980000001
      ],
      "exit_codes": [
        0,
        0,
        0,
        0,
        0,
        0,
        0,
        0,
        0,
        0,
        0,
        0,
        0,
        0,
        0,
        0,
        0,
        0,
        0,
        0,
        0,
        0,
        0,
        0,
        0,
        0,
        0,
        0,
        0,
        0,
        0,
        0,
        0,
        0,
        0,
        0
      ]
    },
    {
      "command": "./fft_30_16",
      "mean": 0.010886022230000004,
      "stddev": 0.003652135704862876,
      "median": 0.01006208598,
      "user": 0.0008108166666666667,
      "system": 0.00012694555555555555,
      "min": 0.00864418598,
      "max": 0.030867785980000003,
      "times": [
        0.00994648598,
        0.009527885980000001,
        0.01156848698,
        0.01094878598,
        0.011120285980000002,
        0.009388085980000002,
        0.010761585980000002,
        0.01017768598,
        0.010196585980000002,
        0.009818685980000002,
        0.011979785980000001,
        0.009225786980000001,
        0.011233485980000003,
        0.010859885980000001,
        0.00892228598,
        0.009107185980000002,
        0.01033488598,
        0.013192985980000002,
        0.009073285980000002,
        0.01040908598,
        0.01310168598,
        0.010919285980000002,
        0.00864418598,
        0.00941228598,
        0.00933798698,
        0.00895978598,
        0.00903198598,
        0.00950408698,
        0.00966008698,
        0.00866398598,
        0.011489985980000002,
        0.009357185980000002,
        0.009928985980000003,
        0.030867785980000003,
        0.012858885980000002,
        0.01236538598
      ],