{
  "results": [
    {
      "command": "./fft_base",
      "mean": 0.010727700250000001,
      "stddev": 0.0009515810852970762,
      "median": 0.010682994,
      "user": 0.0009128262499999997,
      "system": 0.00012121874999999999,
      "min": 0.008962494000000001,
      "max": 0.013200994,
      "times": [
        0.010847994,
        0.011104494,
        0.010248494,
        0.009942593999999999,
        0.011113394000000002,
        0.010396294,
        0.009656994000000002,
        0.013200994,
        0.010028594000000002,
        0.009423994000000002,
        0.009753893999999999,
        0.012401894,
        0.011389894000000001,
        0.011726394000000001,
        0.010907093999999999,
        0.011891094000000001,
        0.010919393999999999,
        0.010154294000000001,
        0.011787794,
        0.010229894,
        0.009950094,
        0.010693194,
        0.011709494,
        0.010096494000000001,
        0.010673894,
        0.012043994000000002,
        0.010607294,
        0.008962494000000001,
        0.009496194,
        0.011197294,
        0.010692094,
        0.010038393999999999
      ],
      "exit_codes": [
        0,
        0,
        0,
        0,
        0,
        0,
        0,
        0,
        0,
        0,
        0,
        0,
        0,
        0,
        0,
        0,
        0,
        0,
        0,
        0,
        0,
        0,
        0,
        0,
        0,
        0,
        0,
        0,
        0,
        0,
        0,
        0
      ]
    },
    {
      "command": "./fft_19_2",
      "mean": 0.011848244000000003,
      "stddev": 0.0037536368728778996,
      "median": 0.010745494000000001,
      "user": 0.0011265033333333332,
      "system": 0.00010371666666666666,
      "min": 0.009282794,
      "max": 0.031402494,
      "times": [
        0.010831494,
        0.009842794000000002,
        0.012592994,
        0.011439994000000002,
        0.011671394000000002,
        0.010760194,
        0.010255294000000002,
        0.010359794000000002,
        0.011384594000000001,
        0.011199294000000002,
        0.011907494000000001,
        0.010527994000000002,
        0.013714594,
        0.010935194000000002,
        0.011905694000000001,
        0.010149993999999999,
        0.010528594000000002,
        0.009806094000000001,
        0.011373094,
        0.010445794000000001,
        0.010443894000000002,
        0.010730794000000002,
        0.009938994,
        0.031402494,
        0.011294994,
        0.010448994,
        0.009282794,
        0.013584994,
        0.016113794,
        0.017621494,
        0.010687094000000001,
        0.010314794000000002,
        0.010085594,
        0.010190994000000002,
        0.012121294000000001,
        0.010641394000000002
      ],
      "exit_codes": [
        0,
        0,
        0,
        0,
        0,
        0,
        0,
        0,
        0,
        0,
        0,
        0,
        0,
        0,
        0,
        0,
        0,
        0,
        0,
        0,
        0,
        0,
        0,
        0,
        0,
        0,
        0,
        0,
        0,
        0,
        0,
        0,
        0,
        0,
        0,
        0
      ]
    },
    {
      "command": "./fft_19_4",
      "mean": 0.009882429483870973,
      "stddev": 0.0014054558841762308,
      "median": 0.009583294,
      "user": 0.0009987587096774192,
      "system": 0.00005103870967741936,
      "min": 0.008193394,
      "max": 0.014226494,
      "times": [
        0.012627094000000002,
        0.012016894,
        0.010666094000000001,
        0.011359293999999999,
        0.010439094,
        0.009583294,
        0.009599194000000002,
        0.008784794000000002,
        0.008633594000000001,
        0.009621994000000002,
        0.012390694,
        0.009750794,
        0.010624394000000002,
        0.014226494,
        0.008603194000000002,
        0.009463894,
        0.008583494,
        0.009986694,
        0.010692394000000001,
        0.009086794000000002,
        0.008809194,
        0.009074394,
        0.009001594000000002,
        0.008679294,
        0.009480794,
        0.008880094000000002,
        0.008193394,
        0.009376094000000001,
        0.009732194,
        0.009987894,
        0.008400194
      ],
      "exit_codes": [
        0,
        0,
        0,
        0,
        0,
        0,
        0,
        0,
        0,
        0,
        0,
        0,
        0,
        0,
        0,
        0,
        0,
        0,
        0,
        0,
        0,
        0,
        0,
        0,
        0,
        0,
        0,
        0,
        0,
        0,
        0
      ]
    },
    {
      "command": "./fft_19_8",
      "mean": 0.010497569675675677,
      "stddev": 0.003555343322959699,
      "median": 0.009818094,
      "user": 0.0010113524324324324,
      "system": 0.0001943513513513513,
      "min": 0.007605094000000001,
      "max": 0.027652394,
      "times": [
        0.010512894000000002,
        0.009905994000000001,
        0.007607594,
        0.009052893999999999,
        0.027652394,
        0.020866094,
        0.009605294,
        0.008609694000000001,
        0.008843194000000002,
        0.007605094000000001,
        0.011641894,
        0.007900394000000002,
        0.009756994000000001,
        0.010671894000000001,
        0.010478094,
        0.010138094,
        0.010158594,
        0.011664394000000002,
        0.010195294,
        0.009818094,
        0.009446094000000002,
        0.010019594,
        0.010650594,
        0.010859394000000001,
        0.009698794,
        0.009280194000000002,
        0.010621994,
        0.010034994000000002,
        0.008680894000000001,
        0.009328194000000001,
        0.009784494000000001,
        0.009287294000000001,
        0.010334094000000002,
        0.009206594000000002,
        0.009050994,
        0.010330594000000002,
        0.009110394
      ],
      "exit_codes": [
        0,
        0,
        0,
        0,
        0,
        0,
        0,
        0,
        0,
        0,
        0,
        0,
        0,
        0,
        0,
        0,
        0,
        0,
        0,
        0,
        0,
        0,
        0,
        0,
        0,
        0,
        0,
        0,
        0,
        0,
        0,
        0,
        0,
        0,
        0,
        0,
        0
      ]
    },
    {
      "command": "./fft_19_16",
      "mean": 0.00952349156097561,
      "stddev": 0.0011181211219022306,
      "median": 0.009422594,
      "user": 0.0008532370731707316,
      "system": 0.0001489219512195122,
      "min": 0.006743794,
      "max": 0.012081394000000002,
      "times": [
        0.007765894,
        0.008846093999999999,
        0.008383294,
        0.008698094,
        0.006743794,
        0.009253594,
        0.009229994000000002,
        0.009137094000000002,
        0.008491394,
        0.008245294,
        0.008977094000000001,
        0.009122594000000001,
        0.008281994,
        0.011301594000000002,
        0.008021193999999999,
        0.010847594000000002,
        0.010527393999999999,
        0.011443993999999999,
        0.010591294000000001,
        0.010146294,
        0.010096594,
        0.009911094000000002,
        0.010010594000000001,
        0.010082793999999999,
        0.010497994,
        0.009179294000000001,
        0.012081394000000002,
        0.007705394,
        0.009744494,
        0.009381793999999999,
        0.009590594000000001,
        0.010194894,
        0.010054394000000001,
        0.009422594,
        0.011721794,
        0.009348094000000001,
        0.009280194000000002,
        0.010150194000000001,
        0.009449694000000002,
        0.009494794,
        0.009008894
      ],