{
  "results": [
    {
      "command": "./fft_base",
      "mean": 0.008588314230000003,
      "stddev": 0.0009714798607829178,
      "median": 0.008617529980000002,
      "user": 0.0007248,
      "system": 0.00014007090909090908,
      "min": 0.00663098098,
      "max": 0.010951479980000001,
      "times": [
        0.010340279980000002,
        0.007825079980000002,
        0.008826079980000002,
        0.008014779980000001,
        0.007907679980000002,
        0.00663098098,
        0.007871080980000002,
        0.009016779980000002,
        0.007817479980000002,
        0.008916179980000001,
        0.00765697998,
        0.007812479980000001,
        0.00785327998,
        0.009373879980000001,
        0.00682327998,
        0.00847077998,
        0.008960380980000002,
        0.008782579980000002,
        0.00721847998,
        0.010951479980000001,
        0.008734979980000002,
        0.008103679980000002,
        0.008482180980000002,
        0.00806447998,
        0.008635879980000002,
        0.009948979980000001,
        0.0073799799800000005,
        0.008893379980000001,
        0.008697979980000001,
        0.008038780980000002,
        0.008616079980000002,
        0.008859079980000002,
        0.00830427998,
        0.008618979980000002,
        0.009441079980000001,
        0.010398380980000002,
        0.009291379980000002,
        0.009431279980000002,
        0.008541679980000001,
        0.00769637998,
        0.010934980980000002,
        0.009096079980000001,
        0.00755947998,
        0.009046379980000002
      ],
      "exit_codes": [
        0,
        0,
        0,
        0,
        0,
        0,
        0,
        0,
        0,
        0,
        0,
        0,
        0,
        0,
        0,
        0,
        0,
        0,
        0,
        0,
        0,
        0,
        0,
        0,
        0,
        0,
        0,
        0,
        0,
        0,
        0,
        0,
        0,
        0,
        0,
        0,
        0,
        0,
        0,
        0,
        0,
        0,
        0,
        0
      ]
    },
    {
      "command": "./fft_4_2",
      "mean": 0.009064460873617026,
      "stddev": 0.0009488047484397602,
      "median": 0.008942579980000002,
      "user": 0.0006865659574468083,
      "system": 0.00021715574468085104,
      "min": 0.00663577998,
      "max": 0.011154680980000001,
      "times": [
        0.00663577998,
        0.007894979980000001,
        0.007483879980000001,
        0.00874767998,
        0.008568779980000002,
        0.007791779980000001,
        0.009173479980000001,
        0.009499179980000001,
        0.009981579980000002,
        0.008942579980000002,
        0.01063757998,
        0.008846979980000001,
        0.008576579980000002,
        0.007907479980000002,
        0.00808757998,
        0.00971687998,
        0.00869017998,
        0.008248379980000001,
        0.00735317998,
        0.009829279980000001,
        0.011154680980000001,
        0.009898679980000002,
        0.008703080980000001,
        0.010239879980000002,
        0.008906179980000001,
        0.01034197998,
        0.008491879980000002,
        0.008516579980000001,
        0.008781979980000002,
        0.009051579980000002,
        0.008880379980000002,
        0.009308779980000001,
        0.008521179980000002,
        0.009521379980000001,
        0.010908579980000001,
        0.009014479980000002,
        0.01016027998,
        0.009817779980000002,
        0.009669879980000002,
        0.010620879980000001,
        0.009344679980000001,
        0.008585779980000001,
        0.008424579980000001,
        0.009556279980000002,
        0.009222179980000002,
        0.008513479980000002,
        0.009258779980000001
      ],
      "exit_codes": [
        0,
        0,
        0,
        0,
        0,
        0,
        0,
        0,
        0,
        0,
        0,
        0,
        0,
        0,
        0,
        0,
        0,
        0,
        0,
        0,
        0,
        0,
        0,
        0,
        0,
        0,
        0,
        0,
        0,
        0,
        0,
        0,
        0,
        0,
        0,
        0,
        0,
        0,
        0,
        0,
        0,
        0,
        0,
        0,
        0,
        0,
        0
      ]
    },
    {
      "command": "./fft_4_4",
      "mean": 0.009369580210769236,
      "stddev": 0.0010498174974753688,
      "median": 0.009245280980000001,
      "user": 0.000701502564102564,
      "system": 0.00020159999999999997,
      "min": 0.007719879980000001,
      "max": 0.011559179980000002,
      "times": [
        0.011559179980000002,
        0.009806779980000001,
        0.00773587998,
        0.010779079980000002,
        0.011366179980000002,
        0.009094279980000002,
        0.008853279980000002,
        0.00960177998,
        0.009271779980000002,
        0.00893987998,
        0.007799679980000001,
        0.009839079980000002,
        0.011082680980000002,
        0.008336780980000002,
        0.009857380980000002,
        0.008454579980000002,
        0.010846680980000002,
        0.011107380980000001,
        0.009245280980000001,
        0.008739980980000001,
        0.008683880980000001,
        0.008788280980000002,
        0.008308279980000001,
        0.00972447998,
        0.009476579980000002,
        0.008431879980000001,
        0.007719879980000001,
        0.009112179980000001,
        0.007909179980000002,
        0.008704379980000001,
        0.008542779980000002,
        0.009847579980000002,
        0.011345679980000002,
        0.009930079980000001,
        0.009425179980000002,
        0.008851779980000002,
        0.01000487998,
        0.00932577998,
        0.00896327998
      ],
      "exit_codes": [
        0,
        0,
        0,
        0,
        0,
        0,
        0,
        0,
        0,
        0,
        0,
        0,
        0,
        0,
        0,
        0,
        0,
        0,
        0,
        0,
        0,
        0,
        0,
        0,
        0,
        0,
        0,
        0,
        0,
        0,
        0,
        0,
        0,
        0,
        0,
        0,
        0,
        0,
        0
      ]
    },
    {
      "command": "./fft_4_8",
      "mean": 0.009314220055000003,
      "stddev": 0.0010430252864103314,
      "median": 0.009333779980000002,
      "user": 0.0008912749999999999,
      "system": 0.000062548,
      "min": 0.00710517998,
      "max": 0.012410679980000002,
      "times": [
        0.008914979980000001,
        0.008691979980000002,
        0.008090679980000001,
        0.00815997998,
        0.008185079980000001,
        0.00772967998,
        0.008669379980000001,
        0.00803027998,
        0.008384179980000002,
        0.00820787998,
        0.008473479980000002,
        0.008436679980000002,
        0.009246479980000001,
        0.009400380980000001,
        0.00938417998,
        0.009932979980000001,
        0.009237179980000001,
        0.009167679980000001,
        0.011634279980000002,
        0.00710517998,
        0.012410679980000002,
        0.009601879980000002,
        0.010007179980000001,
        0.010199180980000002,
        0.009306079980000001,
        0.010411379980000001,
        0.009161179980000001,
        0.00950567998,
        0.010060179980000002,
        0.00958427998,
        0.009348679980000002,
        0.00862288098,
        0.00932577998,
        0.010437079980000001,
        0.01113707998,
        0.009389979980000001,
        0.009980479980000002,
        0.010026379980000001,
        0.00962837998,
        0.009341779980000001
      ],