{
  "results": [
    {
      "command": "./fft_base",
      "mean": 0.01155592942857143,
      "stddev": 0.0012026185657021216,
      "median": 0.011308598,
      "user": 0.000984606857142857,
      "system": 0.00020036800000000003,
      "min": 0.009443898000000001,
      "max": 0.014184798,
      "times": [
        0.010650498,
        0.011445898,
        0.011138898,
        0.010546898,
        0.012378098,
        0.011054898,
        0.012143998,
        0.011610798,
        0.012816098,
        0.010697698,
        0.013145098000000001,
        0.010884098,
        0.011521798,
        0.012812998,
        0.011146198,
        0.010053498000000001,
        0.009541198,
        0.012116398,
        0.009443898000000001,
        0.011059698,
        0.010762798,
        0.011308598,
        0.010497598,
        0.013576898,
        0.010625398,
        0.012839598,
        0.011438598,
        0.010698698,
        0.011553998000000001,
        0.011149798,
        0.014184798,
        0.013522998,
        0.013145498,
        0.013027898,
        0.009915698
      ],
      "exit_codes": [
        0,
        0,
        0,
        0,
        0,
        0,
        0,
        0,
        0,
        0,
        0,
        0,
        0,
        0,
        0,
        0,
        0,
        0,
        0,
        0,
        0,
        0,
        0,
        0,
        0,
        0,
        0,
        0,
        0,
        0,
        0,
        0,
        0,
        0,
        0
      ]
    },
    {
      "command": "./fft_17_2",
      "mean": 0.010982047475000003,
      "stddev": 0.0015402073695456786,
      "median": 0.010558597,
      "user": 0.00106691,
      "system": 0.00011232900000000001,
      "min": 0.008896797,
      "max": 0.016710698,
      "times": [
        0.009794297,
        0.011209297,
        0.010656997,
        0.009793697,
        0.009555498,
        0.010892097,
        0.010282498000000001,
        0.012505098000000001,
        0.009737798,
        0.008896797,
        0.010229797,
        0.010421197,
        0.012601997,
        0.011971197000000001,
        0.009791197,
        0.011876998,
        0.010229597,
        0.009461498,
        0.010428497,
        0.009416298,
        0.010581997000000001,
        0.009356997,
        0.010535197,
        0.010616897,
        0.013795397000000001,
        0.012241198,
        0.011833498,
        0.010151597,
        0.016710698,
        0.011163898,
        0.011024897,
        0.009921498,
        0.010314098,
        0.010279897,
        0.011515898,
        0.011976398000000001,
        0.014779898,
        0.011452798,
        0.011453798000000001,
        0.009822998
      ],
      "exit_codes": [
        0,
        0,
        0,
        0,
        0,
        0,
        0,
        0,
        0,
        0,
        0,
        0,
        0,
        0,
        0,
        0,
        0,
        0,
        0,
        0,
        0,
        0,
        0,
        0,
        0,
        0,
        0,
        0,
        0,
        0,
        0,
        0,
        0,
        0,
        0,
        0,
        0,
        0,
        0,
        0
      ]
    },
    {
      "command": "./fft_17_4",
      "mean": 0.011066092600000004,
      "stddev": 0.0013349041844310505,
      "median": 0.010746748,
      "user": 0.0010685599999999994,
      "system": 0.00009459500000000001,
      "min": 0.008862398,
      "max": 0.015658197000000002,
      "times": [
        0.011790797,
        0.011791697,
        0.009875997000000001,
        0.010180598,
        0.011461298,
        0.009913397000000001,
        0.011493498,
        0.011791098,
        0.010973097000000001,
        0.011248897,
        0.010192198,
        0.012772098,
        0.011368698,
        0.015658197000000002,
        0.010342498,
        0.012276398,
        0.010670397,
        0.010543598,
        0.009810197,
        0.011260897,
        0.010053097,
        0.010702898,
        0.012765897,
        0.010707398,
        0.009689098,
        0.010525397,
        0.010786098000000001,
        0.010583197,
        0.009476498,
        0.013636397,
        0.009377997,
        0.013411098,
        0.008862398,
        0.012738198000000001,
        0.010817098,
        0.009625398,
        0.010560098,
        0.010874898000000001,
        0.010354998,
        0.011679998
      ],
      "exit_codes": [
        0,
        0,
        0,
        0,
        0,
        0,
        0,
        0,
        0,
        0,
        0,
        0,
        0,
        0,
        0,
        0,
        0,
        0,
        0,
        0,
        0,
        0,
        0,
        0,
        0,
        0,
        0,
        0,
        0,
        0,
        0,
        0,
        0,
        0,
        0,
        0,
        0,
        0,
        0,
        0
      ]
    },
    {
      "command": "./fft_17_8",
      "mean": 0.011018473,
      "stddev": 0.0018607100425643971,
      "median": 0.010602898,
      "user": 0.0011367488888888886,
      "system": 0.00006408555555555556,
      "min": 0.008633598,
      "max": 0.019292698,
      "times": [
        0.011770398,
        0.013115698,
        0.011138198,
        0.019292698,
        0.008907398,
        0.013337298000000001,
        0.008711898000000001,
        0.011987498000000001,
        0.010486898,
        0.012062098,
        0.011003198,
        0.010019598,
        0.010276398,
        0.009965398,
        0.009521998,
        0.010557198,
        0.012304998000000001,
        0.010084998,
        0.010934498,
        0.011113298,
        0.009293398,
        0.008633598,
        0.011906598000000001,
        0.011401098,
        0.009730998,
        0.011190398,
        0.011159498,
        0.010648598,
        0.013202498,
        0.009949998,
        0.009975198,
        0.010134198,
        0.009764998,
        0.012130298000000001,
        0.010485098,
        0.010466898
      ],
      "exit_codes": [
        0,
        0,
        0,
        0,
        0,
        0,
        0,
        0,
        0,
        0,
        0,
        0,
        0,
        0,
        0,
        0,
        0,
        0,
        0,
        0,
        0,
        0,
        0,
        0,
        0,
        0,
        0,
        0,
        0,
        0,
        0,
        0,
        0,
        0,
        0,
        0
      ]
    },
    {
      "command": "./fft_17_16",
      "mean": 0.0109589346097561,
      "stddev": 0.001308583469460888,
      "median": 0.010631498,
      "user": 0.0011112136585365855,
      "system": 0.00003384682926829268,
      "min": 0.008896998,
      "max": 0.014761297999999999,
      "times": [
        0.009428798,
        0.009232998000000001,
        0.010370798,
        0.010631498,
        0.010228498,
        0.009671398,
        0.011941698,
        0.012595398,
        0.010585598,
        0.009791098,
        0.009646598000000001,
        0.009771097,
        0.010220098,
        0.010958098,
        0.012829098,
        0.011211598,
        0.014761297999999999,
        0.010246998,
        0.010547498,
        0.011012198,
        0.011437598,
        0.010870998,
        0.011205198,
        0.012215698,
        0.010110598,
        0.011523798,
        0.010936698,
        0.012931098,
        0.011608198,
        0.010628098,
        0.010546698,
        0.014016899000000001,
        0.012826398000000001,
        0.010314298,
        0.011129098,
        0.008896998,
        0.010300498,
        0.009336499,
        0.009129998,
        0.011939298000000001,
        0.011729298
      ],