{
  "results": [
    {
      "command": "./fft_base",
      "mean": 0.010540666642702706,
      "stddev": 0.0011858691277407483,
      "median": 0.01045078894,
      "user": 0.0008693886486486484,
      "system": 0.00009282432432432432,
      "min": 0.00805188894,
      "max": 0.01429528794,
      "times": [
        0.01120768794,
        0.01429528794,
        0.01126628894,
        0.01039738894,
        0.010075687940000001,
        0.01190818794,
        0.00889938894,
        0.012410888940000002,
        0.010783487940000001,
        0.01037448894,
        0.011608287940000002,
        0.01004978894,
        0.009560988940000001,
        0.009748788940000001,
        0.00805188894,
        0.009839588940000001,
        0.011302688940000001,
        0.01060948794,
        0.01045078894,
        0.009518687940000001,
        0.00979308794,
        0.010046487940000001,
        0.011415487940000002,
        0.01054168794,
        0.01187248794,
        0.01099918794,
        0.00951408794,
        0.00862558794,
        0.009785087940000001,
        0.00947038794,
        0.01153698794,
        0.01088028794,
        0.011306287940000001,
        0.00967948794,
        0.009231787940000001,
        0.01151268794,
        0.01143378794
      ],
      "exit_codes": [
        0,
        0,
        0,
        0,
        0,
        0,
        0,
        0,
        0,
        0,
        0,
        0,
        0,
        0,
        0,
        0,
        0,
        0,
        0,
        0,
        0,
        0,
        0,
        0,
        0,
        0,
        0,
        0,
        0,
        0,
        0,
        0,
        0,
        0,
        0,
        0,
        0
      ]
    },
    {
      "command": "./fft_18_2",
      "mean": 0.011033929606666666,
      "stddev": 0.0015652504645537453,
      "median": 0.010891187940000002,
      "user": 0.0009616288888888889,
      "system": 0.000056075,
      "min": 0.00924928794,
      "max": 0.017797087940000005,
      "times": [
        0.011347487940000001,
        0.01163298794,
        0.012065487940000001,
        0.010987587940000001,
        0.009567687940000002,
        0.00924928794,
        0.011253487940000001,
        0.010432987940000001,
        0.012485187940000001,
        0.01250868794,
        0.009577087940000001,
        0.010979987940000002,
        0.01035308794,
        0.009821887940000001,
        0.010163887940000001,
        0.010500987940000001,
        0.010001787940000001,
        0.009731587940000001,
        0.01016078794,
        0.010580487940000001,
        0.011140687940000001,
        0.009481287940000001,
        0.01214248794,
        0.009763387940000002,
        0.01214418794,
        0.01228468794,
        0.01118438794,
        0.010923987940000001,
        0.01154708794,
        0.01085838794,
        0.013362087940000001,
        0.009711187940000001,
        0.009815187940000001,
        0.01195048794,
        0.00971238794,
        0.017797087940000005
      ],
      "exit_codes": [
        0,
        0,
        0,
        0,
        0,
        0,
        0,
        0,
        0,
        0,
        0,
        0,
        0,
        0,
        0,
        0,
        0,
        0,
        0,
        0,
        0,
        0,
        0,
        0,
        0,
        0,
        0,
        0,
        0,
        0,
        0,
        0,
        0,
        0,
        0,
        0
      ]
    },
    {
      "command": "./fft_18_4",
      "mean": 0.011599467319310343,
      "stddev": 0.0034068049376613807,
      "median": 0.01093928794,
      "user": 0.0009930158620689656,
      "system": 0.00012736896551724137,
      "min": 0.00884158894,
      "max": 0.027579587940000004,
      "times": [
        0.027579587940000004,
        0.011856387940000001,
        0.01363278794,
        0.013699787940000001,
        0.01073308794,
        0.01093928794,
        0.011145587940000002,
        0.012624187940000002,
        0.010737287940000001,
        0.01033228794,
        0.009962887940000002,
        0.009567187940000001,
        0.01000168794,
        0.011991287940000001,
        0.00980178794,
        0.011703287940000001,
        0.012063987940000001,
        0.01151758794,
        0.011416187940000001,
        0.01197938894,
        0.01056888794,
        0.009690087940000001,
        0.00884158894,
        0.010057287940000001,
        0.00906408794,
        0.014601687940000002,
        0.00885808794,
        0.009327387940000001,
        0.01208988794
      ],
      "exit_codes": [
        0,
        0,
        0,
        0,
        0,
        0,
        0,
        0,
        0,
        0,
        0,
        0,
        0,
        0,
        0,
        0,
        0,
        0,
        0,
        0,
        0,
        0,
        0,
        0,
        0,
        0,
        0,
        0,
        0
      ]
    },
    {
      "command": "./fft_18_8",
      "mean": 0.010672614469411767,
      "stddev": 0.0014512491249940983,
      "median": 0.010196838440000001,
      "user": 0.0009515341176470585,
      "system": 0.00009719411764705883,
      "min": 0.008574587940000001,
      "max": 0.01422978794,
      "times": [
        0.012575187940000001,
        0.00992128794,
        0.012066087940000001,
        0.00917538794,
        0.00897438794,
        0.01057538794,
        0.010508887940000001,
        0.009578787940000002,
        0.00950078794,
        0.011256788940000002,
        0.00942118794,
        0.012938287940000001,
        0.01022148894,
        0.009930787940000001,
        0.008574587940000001,
        0.00933278794,
        0.009662087940000001,
        0.011600387940000002,
        0.010436487940000001,
        0.00938328794,
        0.010089187940000001,
        0.00987868794,
        0.012754787940000002,
        0.01024928794,
        0.011977787940000002,
        0.011315587940000002,
        0.00967538794,
        0.012918987940000001,
        0.010335387940000001,
        0.013850187940000001,
        0.010096187940000001,
        0.00969108794,
        0.01422978794,
        0.01017218794
      ],
      "exit_codes": [
        0,
        0,
        0,
        0,
        0,
        0,
        0,
        0,
        0,
        0,
        0,
        0,
        0,
        0,
        0,
        0,
        0,
        0,
        0,
        0,
        0,
        0,
        0,
        0,
        0,
        0,
        0,
        0,
        0,
        0,
        0,
        0,
        0,
        0
      ]
    },
    {
      "command": "./fft_18_16",
      "mean": 0.012443373797142861,
      "stddev": 0.005335788180272983,
      "median": 0.01087438794,
      "user": 0.0012425614285714282,
      "system": 0.0001253392857142857,
      "min": 0.00929538794,
      "max": 0.03275088794,
      "times": [
        0.029316987940000004,
        0.010333587940000001,
        0.010527587940000001,
        0.01038868794,
        0.01123598794,
        0.011162788940000001,
        0.010684087940000002,
        0.011082787940000002,
        0.010573988940000001,
        0.01190528794,
        0.010222887940000001,
        0.01283648794,
        0.01110808794,
        0.03275088794,
        0.01032998794,
        0.01058518894,
        0.00929538794,
        0.010059387940000001,
        0.012516787940000001,
        0.01092258794,
        0.01074208794,
        0.011693587940000002,
        0.01284198794,
        0.01082618794,
        0.01041488794,
        0.010619887940000001,
        0.01173838894,
        0.011697987940000001
      ],
      "exit_codes": [
        0,
        0,
        0,
        0,
        0,
        0,
        0,
        0,
        0,
        0,
        0,
        0,
        0,
        0,
        0,
        0,
        0,
        0,
        0,
        0,
        0,
        0,
        0,
        0,
        0,
        0,
        0,
        0
      ]
    },
    {
      "command": "./fft_18_32",
      "mean": 0.011905561773333335,