{
  "results": [
    {
      "command": "./fft_base",
      "mean": 0.008842666095238098,
      "stddev": 0.0008086264731554943,
      "median": 0.00875484,
      "user": 0.0007099095238095239,
      "system": 0.00016460095238095236,
      "min": 0.0070871400000000005,
      "max": 0.010391840000000001,
      "times": [
        0.00962694,
        0.00904244,
        0.00822394,
        0.00858974,
        0.00811694,
        0.00776574,
        0.00776314,
        0.007739139000000001,
        0.00764514,
        0.008343940000000001,
        0.00796204,
        0.008579940000000001,
        0.00822004,
        0.010391840000000001,
        0.008475239,
        0.0070871400000000005,
        0.008568039,
        0.007878640000000001,
        0.00808644,
        0.00872524,
        0.008470140000000001,
        0.008425740000000001,
        0.008784440000000001,
        0.01020804,
        0.00825724,
        0.00948534,
        0.00970474,
        0.008920539,
        0.00950074,
        0.00943664,
        0.009258240000000001,
        0.010277340000000001,
        0.00993744,
        0.00933014,
        0.00937404,
        0.00988254,
        0.008372540000000001,
        0.00969004,
        0.00898174,
        0.00954164,
        0.009237740000000001,
        0.00948324
      ],
      "exit_codes": [
        0,
        0,
        0,
        0,
        0,
        0,
        0,
        0,
        0,
        0,
        0,
        0,
        0,
        0,
        0,
        0,
        0,
        0,
        0,
        0,
        0,
        0,
        0,
        0,
        0,
        0,
        0,
        0,
        0,
        0,
        0,
        0,
        0,
        0,
        0,
        0,
        0,
        0,
        0,
        0,
        0,
        0
      ]
    },
    {
      "command": "./fft_8_2",
      "mean": 0.008833526644444447,
      "stddev": 0.0008637387306326322,
      "median": 0.00894534,
      "user": 0.0007610111111111113,
      "system": 0.00010404799999999999,
      "min": 0.006580840000000001,
      "max": 0.010869740000000001,
      "times": [
        0.007137640000000001,
        0.007801540000000001,
        0.00836814,
        0.00910734,
        0.00902234,
        0.01045544,
        0.00858734,
        0.01023314,
        0.00889204,
        0.00790764,
        0.007907540000000001,
        0.00845324,
        0.00859674,
        0.00909384,
        0.007541540000000001,
        0.00930304,
        0.009032140000000001,
        0.00896714,
        0.008651840000000001,
        0.006580840000000001,
        0.008554540000000001,
        0.007964039000000001,
        0.00865054,
        0.00924004,
        0.00794274,
        0.00942134,
        0.008325240000000001,
        0.009319540000000001,
        0.010869740000000001,
        0.00886954,
        0.009164140000000001,
        0.00963974,
        0.01035364,
        0.00816874,
        0.00825774,
        0.00926264,
        0.009854940000000001,
        0.009204740000000001,
        0.00970254,
        0.00890924,
        0.00894534,
        0.00928854,
        0.00915144,
        0.00756914,
        0.009238340000000001
      ],
      "exit_codes": [
        0,
        0,
        0,
        0,
        0,
        0,
        0,
        0,
        0,
        0,
        0,
        0,
        0,
        0,
        0,
        0,
        0,
        0,
        0,
        0,
        0,
        0,
        0,
        0,
        0,
        0,
        0,
        0,
        0,
        0,
        0,
        0,
        0,
        0,
        0,
        0,
        0,
        0,
        0,
        0,
        0,
        0,
        0,
        0,
        0
      ]
    },
    {
      "command": "./fft_8_4",
      "mean": 0.010192912704545455,
      "stddev": 0.004444569584130412,
      "median": 0.00932264,
      "user": 0.0010582136363636366,
      "system": 0.000032493636363636355,
      "min": 0.00750984,
      "max": 0.03103184,
      "times": [
        0.00844264,
        0.009361340000000001,
        0.00847554,
        0.00952424,
        0.00862634,
        0.00910614,
        0.00948324,
        0.008681640000000001,
        0.03103184,
        0.009016340000000001,
        0.009519340000000001,
        0.009060140000000001,
        0.00891404,
        0.00958194,
        0.00929104,
        0.00925464,
        0.00875134,
        0.00935424,
        0.00945604,
        0.00829304,
        0.009799140000000001,
        0.008782940000000001,
        0.010078440000000001,
        0.00865144,
        0.00952744,
        0.028803440000000003,
        0.009250739000000001,
        0.009523440000000001,
        0.00977714,
        0.00996814,
        0.007686140000000001,
        0.00859154,
        0.01065774,
        0.00868124,
        0.007963040000000001,
        0.009071240000000001,
        0.00935624,
        0.01033964,
        0.01152094,
        0.010848140000000001,
        0.010440640000000001,
        0.01084394,
        0.00750984,
        0.00759044
      ],
      "exit_codes": [
        0,
        0,
        0,
        0,
        0,
        0,
        0,
        0,
        0,
        0,
        0,
        0,
        0,
        0,
        0,
        0,
        0,
        0,
        0,
        0,
        0,
        0,
        0,
        0,
        0,
        0,
        0,
        0,
        0,
        0,
        0,
        0,
        0,
        0,
        0,
        0,
        0,
        0,
        0,
        0,
        0,
        0,
        0,
        0
      ]
    },
    {
      "command": "./fft_8_8",
      "mean": 0.009248812450000001,
      "stddev": 0.0010354530748698776,
      "median": 0.0090711395,
      "user": 0.0007928975000000003,
      "system": 0.000072461,
      "min": 0.006931940000000001,
      "max": 0.011622440000000001,
      "times": [
        0.011168240000000001,
        0.00996084,
        0.008910640000000001,
        0.00950434,
        0.009172040000000001,
        0.00972394,
        0.00823564,
        0.006931940000000001,
        0.00907144,
        0.00867494,
        0.00923234,
        0.00919274,
        0.010884040000000001,
        0.00790914,
        0.011547940000000001,
        0.00842994,
        0.00900564,
        0.01116234,
        0.01005344,
        0.00885374,
        0.00909284,
        0.00831304,
        0.00853104,
        0.00796664,
        0.00815694,
        0.00781594,
        0.009070839,
        0.00937314,
        0.01058364,
        0.00883544,
        0.00935444,
        0.011622440000000001,
        0.009546840000000001,
        0.008976639,
        0.00890604,
        0.00894404,
        0.00873094,
        0.01007244,
        0.00887604,
        0.00955784
      ],
      "exit_codes": [
        0,
        0,
        0,
        0,
        0,
        0,
        0,
        0,
        0,
        0,
        0,
        0,
        0,
        0,
        0,
        0,
        0,
        0,
        0,
        0,
        0,
        0,
        0,
        0,
        0,
        0,
        0,
        0,
        0,
        0,
        0,
        0,
        0,
        0,
        0,
        0,
        0,
        0,
        0,
        0
      ]
    },
    {
      "command": "./fft_8_16",
      "mean": 0.009020081463414634,
      "stddev": 0.0010990567984539537,
      "median": 0.00871354,
      "user": 0.000843487804878049,
      "system": 0.0000493190243902439,
      "min": 0.00694404,
      "max": 0.011794840000000001,