{
  "results": [
    {
      "command": "./fft_base",
      "mean": 0.009792490282325584,
      "stddev": 0.0009847380015328598,
      "median": 0.009585231980000001,
      "user": 0.0010524013953488371,
      "system": 0.00010085348837209302,
      "min": 0.008094031980000001,
      "max": 0.012728331980000002,
      "times": [
        0.008652531980000001,
        0.011888432980000002,
        0.009360231980000001,
        0.008479531980000002,
        0.009585231980000001,
        0.009456931980000001,
        0.01045983198,
        0.010808931980000002,
        0.009302031980000002,
        0.009395231980000002,
        0.009383031980000001,
        0.008875131980000001,
        0.010135032980000002,
        0.009255931980000002,
        0.009268731980000002,
        0.012728331980000002,
        0.009367231980000001,
        0.009922831980000001,
        0.010266531980000002,
        0.01104713298,
        0.009741031980000002,
        0.009605432980000002,
        0.009625331980000002,
        0.008395931980000002,
        0.009643531980000002,
        0.01013793198,
        0.008419731980000001,
        0.011526031980000002,
        0.011221831980000001,
        0.00949093198,
        0.008094031980000001,
        0.009120532980000002,
        0.009357831980000002,
        0.00976343198,
        0.00941203198,
        0.009667231980000001,
        0.00959133298,
        0.010819431980000002,
        0.011626231980000002,
        0.009381831980000001,
        0.009499731980000002,
        0.01041213298,
        0.008884731980000001
      ],
      "exit_codes": [
        0,
        0,
        0,
        0,
        0,
        0,
        0,
        0,
        0,
        0,
        0,
        0,
        0,
        0,
        0,
        0,
        0,
        0,
        0,
        0,
        0,
        0,
        0,
        0,
        0,
        0,
        0,
        0,
        0,
        0,
        0,
        0,
        0,
        0,
        0,
        0,
        0,
        0,
        0,
        0,
        0,
        0,
        0
      ]
    },
    {
      "command": "./fft_2_2",
      "mean": 0.009578639655000002,
      "stddev": 0.0009791045278244965,
      "median": 0.009465632480000001,
      "user": 0.0010546200000000003,
      "system": 0.000082794,
      "min": 0.008059431980000002,
      "max": 0.013483531980000001,
      "times": [
        0.009706531980000002,
        0.009674131980000002,
        0.010764132980000002,
        0.009547531980000001,
        0.009984031980000002,
        0.009958531980000001,
        0.011712131980000002,
        0.009355931980000001,
        0.013483531980000001,
        0.00859653198,
        0.011117332980000002,
        0.010446131980000002,
        0.008791231980000001,
        0.008998531980000002,
        0.008982731980000002,
        0.009145031980000001,
        0.009546132980000002,
        0.008843932980000002,
        0.008629431980000001,
        0.009602131980000001,
        0.009344731980000002,
        0.008658331980000001,
        0.009955932980000002,
        0.009208531980000002,
        0.010146431980000002,
        0.008982731980000002,
        0.009579831980000002,
        0.009294432980000001,
        0.00954733198,
        0.00809583198,
        0.008778731980000001,
        0.010468931980000002,
        0.008918331980000001,
        0.010000531980000001,
        0.00965713198,
        0.00915463298,
        0.008059431980000002,
        0.009660731980000002,
        0.009362231980000002,
        0.009385131980000001
      ],
      "exit_codes": [
        0,
        0,
        0,
        0,
        0,
        0,
        0,
        0,
        0,
        0,
        0,
        0,
        0,
        0,
        0,
        0,
        0,
        0,
        0,
        0,
        0,
        0,
        0,
        0,
        0,
        0,
        0,
        0,
        0,
        0,
        0,
        0,
        0,
        0,
        0,
        0,
        0,
        0,
        0,
        0
      ]
    },
    {
      "command": "./fft_2_4",
      "mean": 0.010395909108205129,
      "stddev": 0.0035607972772400518,
      "median": 0.009796831980000002,
      "user": 0.0011928969230769228,
      "system": 0.000041843076923076916,
      "min": 0.00751983198,
      "max": 0.03116613198,
      "times": [
        0.010249832980000002,
        0.009500731980000001,
        0.010012531980000001,
        0.00816513198,
        0.008972531980000002,
        0.009326232980000002,
        0.009245031980000002,
        0.009385231980000002,
        0.010500531980000002,
        0.010960031980000002,
        0.01117393298,
        0.01086903198,
        0.009796831980000002,
        0.012597831980000002,
        0.009844432980000001,
        0.009915731980000002,
        0.009612231980000002,
        0.00818493198,
        0.010401431980000002,
        0.009549131980000002,
        0.009539831980000002,
        0.008615131980000001,
        0.00751983198,
        0.01144383298,
        0.00992233198,
        0.03116613198,
        0.009515631980000001,
        0.010342431980000002,
        0.01062973298,
        0.010390631980000002,
        0.009306531980000001,
        0.010148831980000002,
        0.009763832980000001,
        0.009696931980000002,
        0.00924293198,
        0.00912933198,
        0.009903232980000001,
        0.01220773198,
        0.008692231980000001
      ],
      "exit_codes": [
        0,
        0,
        0,
        0,
        0,
        0,
        0,
        0,
        0,
        0,
        0,
        0,
        0,
        0,
        0,
        0,
        0,
        0,
        0,
        0,
        0,
        0,
        0,
        0,
        0,
        0,
        0,
        0,
        0,
        0,
        0,
        0,
        0,
        0,
        0,
        0,
        0,
        0,
        0
      ]
    },
    {
      "command": "./fft_2_8",
      "mean": 0.010429255210769232,
      "stddev": 0.0035186072261148087,
      "median": 0.009708331980000002,
      "user": 0.0011075123076923078,
      "system": 0.00014317333333333334,
      "min": 0.007941231980000001,
      "max": 0.030480732980000005,
      "times": [
        0.009310331980000001,
        0.009763031980000001,
        0.01038913198,
        0.010213632980000002,
        0.010369731980000001,
        0.009481131980000002,
        0.009708331980000002,
        0.010487231980000001,
        0.009890731980000001,
        0.00876563198,
        0.00863043198,
        0.009524232980000002,
        0.009863831980000001,
        0.012297531980000002,
        0.012830231980000002,
        0.009546231980000002,
        0.00830123198,
        0.00925523198,
        0.008868831980000002,
        0.00886583198,
        0.030480732980000005,
        0.011085131980000001,
        0.012494531980000001,
        0.00973193198,
        0.009309431980000001,
        0.008825431980000001,
        0.009316332980000001,
        0.012473031980000002,
        0.012209731980000001,
        0.00998253198,
        0.010545331980000001,
        0.00862133198,
        0.009211632980000002,
        0.01112813198,
        0.007941231980000001,
        0.008725431980000002,
        0.009200131980000002,
        0.010490331980000002,
        0.00860603298
      ],
      "exit_codes": [
        0,
        0,
        0,
        0,
        0,
        0,
        0,
        0,
        0,
        0,
        0,
        0,
        0,
        0,
        0,
        0,
        0,
        0,
        0,
        0,
        0,
        0,
        0,
        0,
        0,
        0,
        0,
        0,
        0,
        0,
        0,
        0,
        0,
        0,
        0,
        0,
        0,
        0,
        0
      ]
    },
    {
      "command": "./fft_2_16",
      "mean": 0.00990906170727273,
      "stddev": 0.0010333393406063475,
      "median": 0.009746731980000003,
      "user": 0.0009901836363636364,
      "system": 0.00016357863636363637,