{
  "results": [
    {
      "command": "./fft_base",
      "mean": 0.009608155063478263,
      "stddev": 0.003164720498215615,
      "median": 0.00914439202,
      "user": 0.0008798747826086954,
      "system": 0.00016299217391304346,
      "min": 0.007490142020000001,
      "max": 0.029707442020000002,
      "times": [
        0.00853634202,
        0.007768042020000002,
        0.008778942020000001,
        0.008803442020000002,
        0.007606942020000001,
        0.008237742020000001,
        0.009635642020000001,
        0.007630042020000001,
        0.00955834202,
        0.008061542020000001,
        0.008765742020000002,
        0.00894084202,
        0.008187442020000001,
        0.008750042020000001,
        0.011285442020000001,
        0.00915004202,
        0.00882144202,
        0.007994042020000001,
        0.00881994202,
        0.009772642020000001,
        0.009160142020000001,
        0.00835904202,
        0.007960842020000001,
        0.007490142020000001,
        0.029707442020000002,
        0.00914074202,
        0.00958874202,
        0.010233342020000001,
        0.010854042020000001,
        0.00978684202,
        0.00956334202,
        0.00924904202,
        0.008998342020000001,
        0.01035464202,
        0.01001674202,
        0.00937754202,
        0.010430142020000002,
        0.010839442020000001,
        0.01016334202,
        0.009056442020000001,
        0.00914804202,
        0.00966234202,
        0.01070934202,
        0.00923944202,
        0.00897794202,
        0.00880304202
      ],
      "exit_codes": [
        0,
        0,
        0,
        0,
        0,
        0,
        0,
        0,
        0,
        0,
        0,
        0,
        0,
        0,
        0,
        0,
        0,
        0,
        0,
        0,
        0,
        0,
        0,
        0,
        0,
        0,
        0,
        0,
        0,
        0,
        0,
        0,
        0,
        0,
        0,
        0,
        0,
        0,
        0,
        0,
        0,
        0,
        0,
        0,
        0,
        0
      ]
    },
    {
      "command": "./fft_13_2",
      "mean": 0.009487746898048781,
      "stddev": 0.0008739873651693199,
      "median": 0.009400242020000001,
      "user": 0.0008281351219512194,
      "system": 0.00009486829268292683,
      "min": 0.00802634202,
      "max": 0.01147284202,
      "times": [
        0.009999642020000001,
        0.01061904202,
        0.011257942020000002,
        0.01147284202,
        0.009188142020000001,
        0.009726242020000001,
        0.009501542020000002,
        0.00902564202,
        0.009400242020000001,
        0.00981894202,
        0.009250342020000002,
        0.009775542020000002,
        0.00954554202,
        0.010986942020000001,
        0.009161342020000001,
        0.00855044202,
        0.009070742020000001,
        0.009677142020000001,
        0.009471242020000001,
        0.00966154202,
        0.00963174202,
        0.00873734202,
        0.00940294202,
        0.009431542020000001,
        0.00802634202,
        0.009052342020000001,
        0.00891084202,
        0.010713242020000001,
        0.009255642020000001,
        0.00861234202,
        0.00893454202,
        0.008869442020000002,
        0.008688642020000002,
        0.01131914202,
        0.01139594202,
        0.00899234202,
        0.00822444202,
        0.008572742020000001,
        0.00950054202,
        0.00841194202,
        0.009152542020000001
      ],
      "exit_codes": [
        0,
        0,
        0,
        0,
        0,
        0,
        0,
        0,
        0,
        0,
        0,
        0,
        0,
        0,
        0,
        0,
        0,
        0,
        0,
        0,
        0,
        0,
        0,
        0,
        0,
        0,
        0,
        0,
        0,
        0,
        0,
        0,
        0,
        0,
        0,
        0,
        0,
        0,
        0,
        0,
        0
      ]
    },
    {
      "command": "./fft_13_4",
      "mean": 0.010221941995609756,
      "stddev": 0.0012401841162021164,
      "median": 0.01011814202,
      "user": 0.0008146960975609753,
      "system": 0.00016218731707317072,
      "min": 0.00782984202,
      "max": 0.013528542020000001,
      "times": [
        0.01011814202,
        0.010070341020000002,
        0.010076442020000001,
        0.00786924202,
        0.00859824202,
        0.009202442020000002,
        0.01097134202,
        0.009071942020000001,
        0.00830414202,
        0.008759142020000001,
        0.009491142020000001,
        0.00782984202,
        0.010685742020000001,
        0.010246742020000001,
        0.013528542020000001,
        0.01134754202,
        0.01019434202,
        0.01042184202,
        0.011924842020000001,
        0.01147784202,
        0.00971204202,
        0.013139342020000002,
        0.01059124202,
        0.01071574202,
        0.01014814202,
        0.009297142020000001,
        0.01184904202,
        0.00953124202,
        0.00921134202,
        0.01133994202,
        0.011366642020000001,
        0.009822942020000001,
        0.01030614202,
        0.010072042020000001,
        0.009882742020000002,
        0.009294242020000001,
        0.00942664202,
        0.011310242020000002,
        0.01137404202,
        0.00985054202,
        0.01066834202
      ],
      "exit_codes": [
        0,
        0,
        0,
        0,
        0,
        0,
        0,
        0,
        0,
        0,
        0,
        0,
        0,
        0,
        0,
        0,
        0,
        0,
        0,
        0,
        0,
        0,
        0,
        0,
        0,
        0,
        0,
        0,
        0,
        0,
        0,
        0,
        0,
        0,
        0,
        0,
        0,
        0,
        0,
        0,
        0
      ]
    },
    {
      "command": "./fft_13_8",
      "mean": 0.010170109587567568,
      "stddev": 0.0010749653511351615,
      "median": 0.00999944202,
      "user": 0.0008778589189189187,
      "system": 0.00005860972972972973,
      "min": 0.00784144202,
      "max": 0.013114042020000001,
      "times": [
        0.00977314202,
        0.009239842020000002,
        0.012936442020000001,
        0.00983214202,
        0.010188842020000002,
        0.009222942020000001,
        0.009649442020000001,
        0.010333242020000001,
        0.01084134202,
        0.01089474202,
        0.01009324202,
        0.010071142020000002,
        0.009435342020000001,
        0.010434342020000001,
        0.013114042020000001,
        0.01102684202,
        0.00981054202,
        0.009671942020000001,
        0.009604742020000001,
        0.01098324202,
        0.01178504202,
        0.008769942020000001,
        0.009915442020000002,
        0.011685342020000001,
        0.00952924202,
        0.00880214202,
        0.00784144202,
        0.01022064202,
        0.00960104202,
        0.00969624202,
        0.01059444202,
        0.01049024202,
        0.009242442020000002,
        0.00999944202,
        0.010160042020000001,
        0.011582842020000001,
        0.009220542020000002
      ],
      "exit_codes": [
        0,
        0,
        0,
        0,
        0,
        0,
        0,
        0,
        0,
        0,
        0,
        0,
        0,
        0,
        0,
        0,
        0,
        0,
        0,
        0,
        0,
        0,
        0,
        0,
        0,
        0,
        0,
        0,
        0,
        0,
        0,
        0,
        0,
        0,
        0,
        0,
        0
      ]
    },
    {
      "command": "./fft_13_16",
      "mean": 0.011220418309473686,
      "stddev": 0.0034218944647722354,
      "median": 0.01059359152,
      "user": 0.0010657821052631577,
      "system": 0.000037790526315789476,
      "min": 0.00812394202,
      "max": 0.029281642020000005,