{
  "results": [
    {
      "command": "./fft_base",
      "mean": 0.007570432054883721,
      "stddev": 0.0008756261764389053,
      "median": 0.007586196520000001,
      "user": 0.0002074302325581393,
      "system": 0.00010638790697674419,
      "min": 0.00510619652,
      "max": 0.01020749752,
      "times": [
        0.00685649652,
        0.006765397520000001,
        0.007078197520000001,
        0.006456096520000001,
        0.00844659652,
        0.007008997520000001,
        0.00731639752,
        0.007875396520000001,
        0.00756259752,
        0.008033297520000001,
        0.007348097520000001,
        0.00688849752,
        0.007171697520000001,
        0.006947696520000001,
        0.00510619652,
        0.00843629752,
        0.01020749752,
        0.00646499752,
        0.007678496520000001,
        0.00887699752,
        0.00766429752,
        0.007466496520000001,
        0.00752179752,
        0.00768889652,
        0.00785199752,
        0.008766596520000001,
        0.00801719752,
        0.00787119652,
        0.00771789652,
        0.007586196520000001,
        0.008313997520000001,
        0.007453096520000001,
        0.00808889752,
        0.007903597520000001,
        0.007579796520000001,
        0.009359997520000002,
        0.0061569975200000005,
        0.00807559752,
        0.00784389752,
        0.00693789752,
        0.00641009752,
        0.007080297520000001,
        0.00764589752
      ],
      "exit_codes": [
        0,
        0,
        0,
        0,
        0,
        0,
        0,
        0,
        0,
        0,
        0,
        0,
        0,
        0,
        0,
        0,
        0,
        0,
        0,
        0,
        0,
        0,
        0,
        0,
        0,
        0,
        0,
        0,
        0,
        0,
        0,
        0,
        0,
        0,
        0,
        0,
        0,
        0,
        0,
        0,
        0,
        0,
        0
      ]
    },
    {
      "command": "./fft_0_2",
      "mean": 0.007481647710476191,
      "stddev": 0.0009552868217917523,
      "median": 0.00731424702,
      "user": 0.0002510833333333331,
      "system": 0.00006830476190476191,
      "min": 0.00573789452,
      "max": 0.01043219452,
      "times": [
        0.007509897520000001,
        0.0070922975200000005,
        0.00932749752,
        0.00733509752,
        0.00617259652,
        0.00652869652,
        0.00802149752,
        0.00688409752,
        0.00729339652,
        0.00692609552,
        0.00695609552,
        0.00713729452,
        0.00720539452,
        0.006379194520000001,
        0.00591839452,
        0.006321594520000001,
        0.00840959452,
        0.007008795520000001,
        0.007726994520000001,
        0.006520695520000001,
        0.00898829452,
        0.00749109452,
        0.00573789452,
        0.007386495520000001,
        0.007508794520000001,
        0.00808289452,
        0.00853209452,
        0.00646789452,
        0.00854569552,
        0.007171295520000001,
        0.01043219452,
        0.007634894520000001,
        0.007243794520000001,
        0.00750299552,
        0.00800479552,
        0.009180094520000001,
        0.007848694520000001,
        0.00826919452,
        0.00702629452,
        0.00719139452,
        0.0071132945200000006,
        0.008193895520000001
      ],
      "exit_codes": [
        0,
        0,
        0,
        0,
        0,
        0,
        0,
        0,
        0,
        0,
        0,
        0,
        0,
        0,
        0,
        0,
        0,
        0,
        0,
        0,
        0,
        0,
        0,
        0,
        0,
        0,
        0,
        0,
        0,
        0,
        0,
        0,
        0,
        0,
        0,
        0,
        0,
        0,
        0,
        0,
        0,
        0
      ]
    },
    {
      "command": "./fft_0_4",
      "mean": 0.007707399450232561,
      "stddev": 0.0008449208084076057,
      "median": 0.00765519452,
      "user": 0.00023052325581395327,
      "system": 0.00008015720930232558,
      "min": 0.00587489452,
      "max": 0.010109294520000001,
      "times": [
        0.008183394520000001,
        0.00854839452,
        0.00811249552,
        0.00957969552,
        0.00751299452,
        0.007971694520000001,
        0.0078122945200000005,
        0.00746939452,
        0.00587489452,
        0.0073279945200000005,
        0.00614959552,
        0.008059294520000001,
        0.00886519552,
        0.00774809452,
        0.00805489552,
        0.00757899452,
        0.00631219452,
        0.007247594520000001,
        0.010109294520000001,
        0.0071547945200000004,
        0.00794659552,
        0.007466094520000001,
        0.006696694520000001,
        0.00788719452,
        0.00699939552,
        0.0073913945200000004,
        0.007534595520000001,
        0.006933894520000001,
        0.00799339452,
        0.007647994520000001,
        0.007916095520000001,
        0.00719549452,
        0.00712919452,
        0.00801469452,
        0.00842099452,
        0.00712769452,
        0.007740295520000001,
        0.007142394520000001,
        0.009865595520000001,
        0.00765519452,
        0.00720709452,
        0.00808689552,
        0.00774609452
      ],
      "exit_codes": [
        0,
        0,
        0,
        0,
        0,
        0,
        0,
        0,
        0,
        0,
        0,
        0,
        0,
        0,
        0,
        0,
        0,
        0,
        0,
        0,
        0,
        0,
        0,
        0,
        0,
        0,
        0,
        0,
        0,
        0,
        0,
        0,
        0,
        0,
        0,
        0,
        0,
        0,
        0,
        0,
        0,
        0,
        0
      ]
    },
    {
      "command": "./fft_0_8",
      "mean": 0.008242671814117648,
      "stddev": 0.000984611514621069,
      "median": 0.008156745520000001,
      "user": 0.00028913235294117617,
      "system": 0.000057055294117647055,
      "min": 0.00684879652,
      "max": 0.01055599552,
      "times": [
        0.009656194520000001,
        0.008411495520000001,
        0.007652494520000001,
        0.007234095520000001,
        0.0072545955200000005,
        0.00837929452,
        0.008206995520000001,
        0.007083494520000001,
        0.009132494520000001,
        0.00852779552,
        0.007783294520000001,
        0.009805095520000001,
        0.009425494520000001,
        0.007053594520000001,
        0.006918394520000001,
        0.00927519652,
        0.008116795520000001,
        0.01055599552,
        0.007423895520000001,
        0.00793849552,
        0.009559095520000001,
        0.00842359552,
        0.00867709652,
        0.00812249552,
        0.00864209552,
        0.00696899552,
        0.00986539552,
        0.00758099552,
        0.00684879652,
        0.008190995520000001,
        0.00707739552,
        0.008892595520000001,
        0.007752895520000001,
        0.00781319552
      ],
      "exit_codes": [
        0,
        0,
        0,
        0,
        0,
        0,
        0,
        0,
        0,
        0,
        0,
        0,
        0,
        0,
        0,
        0,
        0,
        0,
        0,
        0,
        0,
        0,
        0,
        0,
        0,
        0,
        0,
        0,
        0,
        0,
        0,
        0,
        0,
        0
      ]
    },
    {
      "command": "./fft_0_16",
      "mean": 0.009082620006486486,
      "stddev": 0.0008355419882198428,
      "median": 0.00905539552,
      "user": 0.00027372972972972945,
      "system": 0.000050077837837837833,
      "min": 0.007548595520000001,
      "max": 0.010872095520000001,