{
  "results": [
    {
      "command": "./fft_base",
      "mean": 0.009613491715294117,
      "stddev": 0.0010440621630455206,
      "median": 0.00943312398,
      "user": 0.0006700941176470589,
      "system": 0.00010716470588235293,
      "min": 0.00779982398,
      "max": 0.01191972398,
      "times": [
        0.01163932398,
        0.00974852398,
        0.00926302398,
        0.01016082398,
        0.00965642398,
        0.00863342398,
        0.00881002398,
        0.00789212398,
        0.00779982398,
        0.00866052398,
        0.00993062398,
        0.00975092398,
        0.00979492498,
        0.01159492398,
        0.008480623980000001,
        0.00799262398,
        0.01066442398,
        0.01008252398,
        0.01191972398,
        0.00907722398,
        0.009382923980000001,
        0.00978772498,
        0.00937202398,
        0.00938052398,
        0.00942522398,
        0.00983762398,
        0.00980562498,
        0.01189402398,
        0.009441023980000001,
        0.00939152398,
        0.01053952398,
        0.00872942398,
        0.00894822398,
        0.00937072398
      ],
      "exit_codes": [
        0,
        0,
        0,
        0,
        0,
        0,
        0,
        0,
        0,
        0,
        0,
        0,
        0,
        0,
        0,
        0,
        0,
        0,
        0,
        0,
        0,
        0,
        0,
        0,
        0,
        0,
        0,
        0,
        0,
        0,
        0,
        0,
        0,
        0
      ]
    },
    {
      "command": "./fft_21_2",
      "mean": 0.01062320844875,
      "stddev": 0.003539851426581867,
      "median": 0.010056773980000001,
      "user": 0.00081530125,
      "system": 0.00014861749999999998,
      "min": 0.00769012398,
      "max": 0.02875952398,
      "times": [
        0.01288992398,
        0.01122092398,
        0.01124352398,
        0.009996623980000001,
        0.00917992398,
        0.00900222398,
        0.00928202398,
        0.011665923980000001,
        0.00954692398,
        0.00879612398,
        0.00856022498,
        0.00882592398,
        0.01108792398,
        0.00936782398,
        0.00828162398,
        0.00916992398,
        0.01014532398,
        0.01080582398,
        0.01144242398,
        0.00876782398,
        0.00872692398,
        0.011817724980000001,
        0.010116923980000001,
        0.01161872398,
        0.00983592398,
        0.01019632398,
        0.01100922398,
        0.00873992398,
        0.02875952398,
        0.00769012398,
        0.011326523980000001,
        0.01082582498
      ],
      "exit_codes": [
        0,
        0,
        0,
        0,
        0,
        0,
        0,
        0,
        0,
        0,
        0,
        0,
        0,
        0,
        0,
        0,
        0,
        0,
        0,
        0,
        0,
        0,
        0,
        0,
        0,
        0,
        0,
        0,
        0,
        0,
        0,
        0
      ]
    },
    {
      "command": "./fft_21_4",
      "mean": 0.010506218097647062,
      "stddev": 0.003268750266974083,
      "median": 0.009803473980000001,
      "user": 0.0007595447058823529,
      "system": 0.00013013294117647056,
      "min": 0.00767132398,
      "max": 0.02766232398,
      "times": [
        0.00900852398,
        0.00971542398,
        0.01028622398,
        0.01124832398,
        0.00879192398,
        0.00968372398,
        0.01050782398,
        0.00801182398,
        0.00945712398,
        0.00971862398,
        0.00975542398,
        0.00951802398,
        0.00767132398,
        0.00935052398,
        0.00900822398,
        0.01139162398,
        0.00954512398,
        0.02766232398,
        0.012641223980000001,
        0.01144942398,
        0.01074942398,
        0.01058742398,
        0.00993792398,
        0.010676323980000001,
        0.010712523980000001,
        0.00896592398,
        0.01162702398,
        0.00985152398,
        0.01194472398,
        0.00794672398,
        0.00847562398,
        0.012181223980000001,
        0.00882722398,
        0.01030502398
      ],
      "exit_codes": [
        0,
        0,
        0,
        0,
        0,
        0,
        0,
        0,
        0,
        0,
        0,
        0,
        0,
        0,
        0,
        0,
        0,
        0,
        0,
        0,
        0,
        0,
        0,
        0,
        0,
        0,
        0,
        0,
        0,
        0,
        0,
        0,
        0,
        0
      ]
    },
    {
      "command": "./fft_21_8",
      "mean": 0.009339507346666666,
      "stddev": 0.001189440367607026,
      "median": 0.00926177398,
      "user": 0.0007037106666666666,
      "system": 0.00006782533333333333,
      "min": 0.007567523980000001,
      "max": 0.013834023980000002,
      "times": [
        0.00991942398,
        0.007567523980000001,
        0.00847602498,
        0.009732823980000001,
        0.00790582398,
        0.00923052398,
        0.00870092398,
        0.00899332398,
        0.01055192398,
        0.00871202398,
        0.007833023980000001,
        0.008324623980000001,
        0.00920302398,
        0.00929302398,
        0.013834023980000002,
        0.00976122398,
        0.00932612398,
        0.009451823980000001,
        0.00933252398,
        0.010247823980000001,
        0.01037212398,
        0.00898782398,
        0.00957402398,
        0.008195523980000001,
        0.00846272398,
        0.00901582398,
        0.00945642398,
        0.00858642398,
        0.01112882398,
        0.01000792398
      ],
      "exit_codes": [
        0,
        0,
        0,
        0,
        0,
        0,
        0,
        0,
        0,
        0,
        0,
        0,
        0,
        0,
        0,
        0,
        0,
        0,
        0,
        0,
        0,
        0,
        0,
        0,
        0,
        0,
        0,
        0,
        0,
        0
      ]
    },
    {
      "command": "./fft_21_16",
      "mean": 0.009834809274117649,
      "stddev": 0.001311981949047192,
      "median": 0.00976517398,
      "user": 0.0007071329411764705,
      "system": 0.00008622588235294117,
      "min": 0.00753792398,
      "max": 0.01466282398,
      "times": [
        0.01028552398,
        0.00925762398,
        0.012111423980000001,
        0.00838062398,
        0.00952262398,
        0.008935723980000001,
        0.00871892398,
        0.00753792398,
        0.00859852398,
        0.00911042398,
        0.01044102398,
        0.01025582398,
        0.01026482398,
        0.01025262398,
        0.00874972398,
        0.01131652398,
        0.01000902398,
        0.008654123980000001,
        0.01010562398,
        0.00946772398,
        0.009397523980000001,
        0.009814023980000001,
        0.01018292398,
        0.01034612398,
        0.00856672398,
        0.00971632398,
        0.00812802398,
        0.01077072398,
        0.008864423980000001,
        0.00969232398,
        0.01061532398,
        0.01021152398,
        0.01143832398,
        0.01466282398
      ],
      "exit_codes": [
        0,
        0,
        0,
        0,
        0,
        0,
        0,
        0,
        0,
        0,
        0,
        0,
        0,
        0,
        0,
        0,
        0,
        0,
        0,
        0,
        0,
        0,
        0,
        0,
        0,
        0,
        0,
        0,
        0,
        0,
        0,
        0,
        0,
        0
      ]
    },
    {
      "command": "./fft_21_32",
      "mean": 0.01118066148,
      "stddev": 0.0046064751280127415,
      "median": 0.00999937398,
      "user": 0.00066713125,
      "system": 0.000389235,
      "min": 0.00866592398,
      "max": 0.03016982398,