{
  "results": [
    {
      "command": "./fft_base",
      "mean": 0.010195050396666672,
      "stddev": 0.0009877895050761827,
      "median": 0.010113892480000001,
      "user": 0.000940523333333333,
      "system": 0.00010968888888888891,
      "min": 0.008499041980000002,
      "max": 0.012494042980000002,
      "times": [
        0.009625441980000001,
        0.011733141980000002,
        0.012494042980000002,
        0.011400241980000001,
        0.01102854198,
        0.01039764198,
        0.01075924198,
        0.01020984198,
        0.009148141980000002,
        0.008701541980000001,
        0.01061664198,
        0.009829941980000001,
        0.010709941980000002,
        0.009406041980000002,
        0.009144741980000001,
        0.008499041980000002,
        0.008881841980000001,
        0.009643941980000001,
        0.00908964198,
        0.00968984198,
        0.00950054198,
        0.010651041980000001,
        0.011252541980000001,
        0.011917941980000001,
        0.00965894198,
        0.011482742980000002,
        0.01008554298,
        0.009723241980000002,
        0.008559241980000002,
        0.00972284198,
        0.010072741980000001,
        0.010870041980000002,
        0.010403041980000001,
        0.010142241980000001,
        0.010847341980000001,
        0.01112234198
      ],
      "exit_codes": [
        0,
        0,
        0,
        0,
        0,
        0,
        0,
        0,
        0,
        0,
        0,
        0,
        0,
        0,
        0,
        0,
        0,
        0,
        0,
        0,
        0,
        0,
        0,
        0,
        0,
        0,
        0,
        0,
        0,
        0,
        0,
        0,
        0,
        0,
        0,
        0
      ]
    },
    {
      "command": "./fft_1_2",
      "mean": 0.010470878146666671,
      "stddev": 0.0012007759108999603,
      "median": 0.010524591980000001,
      "user": 0.0009974399999999996,
      "system": 0.00007036333333333332,
      "min": 0.00783214198,
      "max": 0.012991541980000002,
      "times": [
        0.009912142980000002,
        0.00914424198,
        0.009276641980000002,
        0.00849144198,
        0.00961974198,
        0.01043004198,
        0.00917254198,
        0.01064914198,
        0.01023114198,
        0.009382641980000002,
        0.01193904198,
        0.007989041980000002,
        0.00993904198,
        0.00783214198,
        0.010619141980000002,
        0.009841841980000002,
        0.009800642980000001,
        0.010723742980000001,
        0.011256442980000001,
        0.011894541980000001,
        0.012138741980000001,
        0.011900541980000002,
        0.010657941980000002,
        0.012039541980000002,
        0.010831441980000002,
        0.010686140980000002,
        0.01091434198,
        0.01014814198,
        0.010260141980000002,
        0.012359141980000002,
        0.010078841980000001,
        0.011670941980000002,
        0.010040541980000001,
        0.010923140980000001,
        0.012991541980000002,
        0.011165141980000001
      ],
      "exit_codes": [
        0,
        0,
        0,
        0,
        0,
        0,
        0,
        0,
        0,
        0,
        0,
        0,
        0,
        0,
        0,
        0,
        0,
        0,
        0,
        0,
        0,
        0,
        0,
        0,
        0,
        0,
        0,
        0,
        0,
        0,
        0,
        0,
        0,
        0,
        0,
        0
      ]
    },
    {
      "command": "./fft_1_4",
      "mean": 0.011066603627058825,
      "stddev": 0.001167776617485213,
      "median": 0.010775491980000001,
      "user": 0.0009817047058823525,
      "system": 0.0001200235294117647,
      "min": 0.00898094198,
      "max": 0.013720741980000001,
      "times": [
        0.010633741980000002,
        0.010810241980000001,
        0.01033304198,
        0.010823041980000002,
        0.011321740980000002,
        0.010484540980000002,
        0.010217541980000001,
        0.01088164198,
        0.011326641980000001,
        0.009813541980000002,
        0.012340441980000002,
        0.010676141980000001,
        0.01021824198,
        0.010350141980000001,
        0.013389441980000001,
        0.00996504198,
        0.013616141980000001,
        0.011019841980000002,
        0.010740741980000001,
        0.010706541980000001,
        0.011185341980000001,
        0.01186104198,
        0.01262314198,
        0.010278641980000001,
        0.011876440980000002,
        0.01001784198,
        0.010239141980000002,
        0.012635541980000001,
        0.00898094198,
        0.009572641980000001,
        0.011026140980000002,
        0.013720741980000001,
        0.010131341980000002,
        0.012447141980000001
      ],
      "exit_codes": [
        0,
        0,
        0,
        0,
        0,
        0,
        0,
        0,
        0,
        0,
        0,
        0,
        0,
        0,
        0,
        0,
        0,
        0,
        0,
        0,
        0,
        0,
        0,
        0,
        0,
        0,
        0,
        0,
        0,
        0,
        0,
        0,
        0,
        0
      ]
    },
    {
      "command": "./fft_1_8",
      "mean": 0.011338953063333332,
      "stddev": 0.003414132530560835,
      "median": 0.010661791980000002,
      "user": 0.0011887177777777777,
      "system": 0.00006219666666666667,
      "min": 0.008663341980000001,
      "max": 0.02933024198,
      "times": [
        0.010101041980000001,
        0.01072624198,
        0.010126641980000002,
        0.00994134198,
        0.009127540980000001,
        0.009231141980000001,
        0.012721141980000001,
        0.01042394198,
        0.010600741980000002,
        0.01143394198,
        0.010936941980000002,
        0.010009641980000001,
        0.008663341980000001,
        0.00913374198,
        0.010549341980000002,
        0.010039941980000001,
        0.009953840980000002,
        0.00907324198,
        0.01293184198,
        0.010598441980000001,
        0.010039041980000002,
        0.010314841980000001,
        0.012103041980000001,
        0.011621641980000002,
        0.011618742980000001,
        0.011432441980000001,
        0.008828941980000001,
        0.011299241980000001,
        0.01235294198,
        0.02933024198,
        0.01663794198,
        0.010799041980000002,
        0.010722841980000002,
        0.011893341980000001,
        0.011544541980000001,
        0.011339441980000002
      ],
      "exit_codes": [
        0,
        0,
        0,
        0,
        0,
        0,
        0,
        0,
        0,
        0,
        0,
        0,
        0,
        0,
        0,
        0,
        0,
        0,
        0,
        0,
        0,
        0,
        0,
        0,
        0,
        0,
        0,
        0,
        0,
        0,
        0,
        0,
        0,
        0,
        0,
        0
      ]
    },
    {
      "command": "./fft_1_16",
      "mean": 0.010915720412432434,
      "stddev": 0.001274051085950192,
      "median": 0.01088984198,
      "user": 0.0010309535135135132,
      "system": 0.00008593081081081081,
      "min": 0.008621441980000002,
      "max": 0.01475454198,