{
  "results": [
    {
      "command": "./triad_base",
      "mean": 0.32496938278,
      "stddev": 0.013407766682141116,
      "median": 0.32727733298,
      "user": 0.10988932,
      "system": 0.021584743999999996,
      "min": 0.28873948298,
      "max": 0.33699778298,
      "times": [
        0.33699778298,
        0.32682718298,
        0.32739238298,
        0.28873948298,
        0.33415238298,
        0.33227838298,
        0.32716228298,
        0.32441748298,
        0.32771298198,
        0.32401348198
      ],
      "exit_codes": [
        0,
        0,
        0,
        0,
        0,
        0,
        0,
        0,
        0,
        0
      ]
    },
    {
      "command": "./triad_0_2",
      "mean": 0.32938655258,
      "stddev": 0.007867757951515808,
      "median": 0.32965373298,
      "user": 0.11049941999999999,
      "system": 0.019391744,
      "min": 0.31620808198,
      "max": 0.34671678297999997,
      "times": [
        0.32975258298,
        0.31620808198,
        0.33193778198,
        0.33262378298,
        0.33014178298,
        0.34671678297999997,
        0.32860548198,
        0.32190538298,
        0.32955488298,
        0.32641898197999997
      ],
      "exit_codes": [
        0,
        0,
        0,
        0,
        0,
        0,
        0,
        0,
        0,
        0
      ]
    },
    {
      "command": "./triad_0_4",
      "mean": 0.32265022247999997,
      "stddev": 0.013531591781005582,
      "median": 0.32706563198,
      "user": 0.09832012000000001,
      "system": 0.032969479999999995,
      "min": 0.28458998198,
      "max": 0.32987368297999997,
      "times": [
        0.32657168198,
        0.32867378298,
        0.32987368297999997,
        0.32516768198,
        0.32341848298,
        0.32808848298,
        0.32420968297999997,
        0.32834918198,
        0.32755958198,
        0.28458998198
      ],
      "exit_codes": [
        0,
        0,
        0,
        0,
        0,
        0,
        0,
        0,
        0,
        0
      ]
    },
    {
      "command": "./triad_0_8",
      "mean": 0.33165070298,
      "stddev": 0.009537176191467225,
      "median": 0.32811883298,
      "user": 0.09939992,
      "system": 0.03270598,
      "min": 0.32121628298,
      "max": 0.35529438398,
      "times": [
        0.33523048198,
        0.32760348297999997,
        0.32809158298,
        0.32121628298,
        0.32416218298,
        0.33687508298,
        0.32802348298,
        0.35529438398,
        0.32814608298,
        0.33186398297999997
      ],
      "exit_codes": [
        0,
        0,
        0,
        0,
        0,
        0,
        0,
        0,
        0,
        0
      ]
    },
    {
      "command": "./triad_0_16",
      "mean": 0.31879240298000006,
      "stddev": 0.01695830766850147,
      "median": 0.32181983298,
      "user": 0.10873792,
      "system": 0.022487725999999996,
      "min": 0.28194318298,
      "max": 0.33799658298,
      "times": [
        0.33199738298,
        0.31876868298,
        0.30541548298,
        0.32846358298,
        0.31525598298,
        0.32487098298,
        0.30838758298,
        0.28194318298,
        0.33482458298,
        0.33799658298
      ],
      "exit_codes": [
        0,
        0,
        0,
        0,
        0,
        0,
        0,
        0,
        0,
        0
      ]
    },
    {
      "command": "./triad_0_32",
      "mean": 0.32095061297999994,
      "stddev": 0.0135585917618518,
      "median": 0.32650413298000003,
      "user": 0.11252432000000001,
      "system": 0.016446962,
      "min": 0.28541068298,
      "max": 0.33014258298,
      "times": [
        0.32701148298,
        0.31242058298,
        0.32548838298,
        0.32859558297999997,
        0.32826368297999997,
        0.33014258298,
        0.32633938298,
        0.31916488298,
        0.28541068298,
        0.32666888298
      ],
      "exit_codes": [
        0,
        0,
        0,
        0,
        0,
        0,
        0,
        0,
        0,
        0
      ]
    },
    {
      "command": "./triad_0_64",
      "mean": 0.3181005518799999,
      "stddev": 0.0162161907591099,
      "median": 0.32150103348000003,
      "user": 0.10797322000000001,
      "system": 0.022129361999999996,
      "min": 0.28572678298,
      "max": 0.33976707897999997,
      "times": [
        0.31826688298,
        0.32703408298,
        0.32973758298,
        0.32473518398,
        0.28572678298,
        0.31769858298,
        0.29604548197999997,
        0.33976707897999997,
        0.32757507898,
        0.31441877998
      ],
      "exit_codes": [
        0,
        0,
        0,
        0,
        0,
        0,
        0,
        0,
        0,
        0
      ]
    }
  ]
}
