{
  "results": [
    {
      "command": "./fft_base",
      "mean": 0.010759565000000004,
      "stddev": 0.001516060132140989,
      "median": 0.010361722,
      "user": 0.0008938514285714286,
      "system": 0.00004019542857142857,
      "min": 0.008821522,
      "max": 0.015621022,
      "times": [
        0.010660922,
        0.010631522000000001,
        0.010449722,
        0.009901922,
        0.010953322,
        0.012875322,
        0.009888222,
        0.009054322,
        0.009437722,
        0.011559122,
        0.010158022000000001,
        0.008821522,
        0.011395322000000001,
        0.011234423,
        0.012711323,
        0.014631122000000002,
        0.009676822,
        0.010184022000000001,
        0.015621022,
        0.012222022,
        0.010361722,
        0.011033522,
        0.011870622,
        0.009371322,
        0.009834722,
        0.010150022,
        0.009651522000000001,
        0.009160222,
        0.011004522000000001,
        0.008969122,
        0.011910923,
        0.009592623,
        0.011485222,
        0.010192722,
        0.009928223
      ],
      "exit_codes": [
        0,
        0,
        0,
        0,
        0,
        0,
        0,
        0,
        0,
        0,
        0,
        0,
        0,
        0,
        0,
        0,
        0,
        0,
        0,
        0,
        0,
        0,
        0,
        0,
        0,
        0,
        0,
        0,
        0,
        0,
        0,
        0,
        0,
        0,
        0
      ]
    },
    {
      "command": "./fft_29_2",
      "mean": 0.010613425375000003,
      "stddev": 0.0012559696549992053,
      "median": 0.010216473,
      "user": 0.0008541425000000001,
      "system": 0.000159485,
      "min": 0.008413822,
      "max": 0.013161722,
      "times": [
        0.013161722,
        0.010052822000000001,
        0.009909722000000001,
        0.009281222,
        0.012018922,
        0.009988222,
        0.010823622,
        0.011789622,
        0.010504822,
        0.011793922,
        0.009679422,
        0.009926722,
        0.011611822,
        0.012449223,
        0.009489322,
        0.010826122,
        0.013050723,
        0.010093523,
        0.009865922000000001,
        0.010542422000000001,
        0.009022823000000001,
        0.009742623,
        0.012735722,
        0.008911823000000001,
        0.009523723,
        0.010339423,
        0.011807922,
        0.011240422,
        0.009590422,
        0.008413822,
        0.011479322,
        0.009961722000000001
      ],
      "exit_codes": [
        0,
        0,
        0,
        0,
        0,
        0,
        0,
        0,
        0,
        0,
        0,
        0,
        0,
        0,
        0,
        0,
        0,
        0,
        0,
        0,
        0,
        0,
        0,
        0,
        0,
        0,
        0,
        0,
        0,
        0,
        0,
        0
      ]
    },
    {
      "command": "./fft_29_4",
      "mean": 0.01027888482857143,
      "stddev": 0.0011781704492439939,
      "median": 0.010146722,
      "user": 0.0008200800000000003,
      "system": 0.00011014571428571429,
      "min": 0.008387722,
      "max": 0.014400422000000001,
      "times": [
        0.010417522,
        0.009214522000000001,
        0.011729622,
        0.009845222,
        0.011421322000000001,
        0.009971022,
        0.008453822,
        0.008387722,
        0.010127322000000001,
        0.009963922,
        0.009198422,
        0.010177622,
        0.014400422000000001,
        0.010261722000000001,
        0.010403222,
        0.009301222,
        0.009113422,
        0.011365722,
        0.010202122000000001,
        0.009774622,
        0.010146722,
        0.009431222,
        0.011411522,
        0.009047822,
        0.010422721000000001,
        0.009252422,
        0.011902422000000001,
        0.009450822000000001,
        0.011713822,
        0.011348722,
        0.010461322,
        0.010419222,
        0.011536622,
        0.009600122,
        0.009884922
      ],
      "exit_codes": [
        0,
        0,
        0,
        0,
        0,
        0,
        0,
        0,
        0,
        0,
        0,
        0,
        0,
        0,
        0,
        0,
        0,
        0,
        0,
        0,
        0,
        0,
        0,
        0,
        0,
        0,
        0,
        0,
        0,
        0,
        0,
        0,
        0,
        0,
        0
      ]
    },
    {
      "command": "./fft_29_8",
      "mean": 0.010789343181818182,
      "stddev": 0.0009684277994318116,
      "median": 0.010853422,
      "user": 0.0008638072727272728,
      "system": 0.00009486909090909091,
      "min": 0.009033622,
      "max": 0.012572022,
      "times": [
        0.011469322,
        0.010556722000000001,
        0.010487722,
        0.011542222,
        0.012572022,
        0.010196422,
        0.010037722,
        0.012526922000000001,
        0.011951322,
        0.010845422,
        0.009033622,
        0.011788622,
        0.011727922,
        0.009155122,
        0.010853422,
        0.010913521,
        0.010314122,
        0.010356522,
        0.009695722,
        0.009678522,
        0.011811522,
        0.011279422,
        0.010993322,
        0.011248422000000001,
        0.009248722000000001,
        0.009247622,
        0.011313422,
        0.011001622,
        0.010225022,
        0.011186322,
        0.012224022000000001,
        0.010614622,
        0.009951322
      ],
      "exit_codes": [
        0,
        0,
        0,
        0,
        0,
        0,
        0,
        0,
        0,
        0,
        0,
        0,
        0,
        0,
        0,
        0,
        0,
        0,
        0,
        0,
        0,
        0,
        0,
        0,
        0,
        0,
        0,
        0,
        0,
        0,
        0,
        0,
        0
      ]
    },
    {
      "command": "./fft_29_16",
      "mean": 0.01065100078787879,
      "stddev": 0.0009824287832832896,
      "median": 0.010711322,
      "user": 0.000777201212121212,
      "system": 0.00016521030303030302,
      "min": 0.009100522,
      "max": 0.013017722,
      "times": [
        0.011242022,
        0.011631822,
        0.010819522,
        0.009617122,
        0.009204422,
        0.011820922000000001,
        0.010421022,
        0.011306922,
        0.011562422000000001,
        0.009100522,
        0.011406422000000001,
        0.009572622000000001,
        0.013017722,
        0.010366322,
        0.011143322,
        0.011668922,
        0.012535022,
        0.011025122,
        0.009694322,
        0.011167822,
        0.009903822,
        0.011193822,
        0.010711322,
        0.010466422,
        0.010065122000000001,
        0.009523022,
        0.009971422,
        0.011437022,
        0.009510022,
        0.010099522,
        0.009399122000000001,
        0.011103222000000001,
        0.009774822
      ],
      "exit_codes": [
        0,
        0,
        0,
        0,
        0,
        0,
        0,
        0,
        0,
        0,
        0,
        0,
        0,
        0,
        0,
        0,
        0,
        0,
        0,
        0,
        0,
        0,
        0,
        0,
        0,
        0,
        0,
        0,
        0,
        0,
        0,
        0,
        0
      ]
    },
    {
      "command": "./fft_29_32",
      "mean": 0.010428363694444444,
      "stddev": 0.0011429217071550518,
      "median": 0.010278472,
      "user": 0.0008639411111111112,
      "system": 0.00006116222222222223,
      "min": 0.008600822000000001,
      "max": 0.014899422,