{
  "results": [
    {
      "command": "./fft_base",
      "mean": 0.009602168941176471,
      "stddev": 0.0012581452549554227,
      "median": 0.009354566000000002,
      "user": 0.00027455411764705875,
      "system": 0.000033403529411764704,
      "min": 0.0077219160000000005,
      "max": 0.013062616000000003,
      "times": [
        0.008670216000000001,
        0.008714916000000001,
        0.009722116000000001,
        0.009954216000000002,
        0.008495816000000002,
        0.008604016,
        0.008255116000000002,
        0.009914516000000002,
        0.008229016,
        0.010896716,
        0.009141716000000001,
        0.008680316,
        0.009124316,
        0.0077219160000000005,
        0.010948816000000002,
        0.009567416,
        0.009715016000000002,
        0.010172116000000002,
        0.008578716000000002,
        0.011021316000000001,
        0.011587116000000001,
        0.011621416,
        0.008652216,
        0.010788916,
        0.010022616000000002,
        0.013062616000000003,
        0.008241816,
        0.011314016000000001,
        0.010359216000000001,
        0.010298816,
        0.008606016000000001,
        0.009032516,
        0.008176916000000001,
        0.008581216000000001
      ],
      "exit_codes": [
        0,
        0,
        0,
        0,
        0,
        0,
        0,
        0,
        0,
        0,
        0,
        0,
        0,
        0,
        0,
        0,
        0,
        0,
        0,
        0,
        0,
        0,
        0,
        0,
        0,
        0,
        0,
        0,
        0,
        0,
        0,
        0,
        0,
        0
      ]
    },
    {
      "command": "./fft_20_2",
      "mean": 0.008531356567567568,
      "stddev": 0.0013938442937520869,
      "median": 0.008231216000000001,
      "user": 0.0002565189189189187,
      "system": 0.000031992432432432434,
      "min": 0.0063245160000000005,
      "max": 0.014320416000000002,
      "times": [
        0.008788716000000002,
        0.009147716000000002,
        0.008945816,
        0.009403416000000001,
        0.014320416000000002,
        0.007157216000000001,
        0.007609516,
        0.006670116,
        0.008063416,
        0.008232316000000002,
        0.007646916000000002,
        0.007660616,
        0.008447216,
        0.009444816000000002,
        0.0076147160000000005,
        0.007761616000000001,
        0.009082716000000001,
        0.008057616000000002,
        0.0063245160000000005,
        0.011659216000000002,
        0.008168916000000002,
        0.009580817000000002,
        0.007417016,
        0.007882716000000001,
        0.009021116000000001,
        0.008849816000000002,
        0.0077790160000000014,
        0.008922016000000001,
        0.007964716000000002,
        0.008395516,
        0.008593416000000001,
        0.007780716000000002,
        0.008106916,
        0.009071016000000001,
        0.008231216000000001,
        0.010307316,
        0.007549316
      ],
      "exit_codes": [
        0,
        0,
        0,
        0,
        0,
        0,
        0,
        0,
        0,
        0,
        0,
        0,
        0,
        0,
        0,
        0,
        0,
        0,
        0,
        0,
        0,
        0,
        0,
        0,
        0,
        0,
        0,
        0,
        0,
        0,
        0,
        0,
        0,
        0,
        0,
        0,
        0
      ]
    },
    {
      "command": "./fft_20_4",
      "mean": 0.008856283647058826,
      "stddev": 0.0014777498387383659,
      "median": 0.008404666000000002,
      "user": 0.00021331176470588227,
      "system": 0.00007604235294117648,
      "min": 0.006892016000000001,
      "max": 0.015494216000000002,
      "times": [
        0.009228216000000001,
        0.015494216000000002,
        0.009206116,
        0.007901216,
        0.008168716000000001,
        0.008348216,
        0.010767316,
        0.009038616000000001,
        0.009184116,
        0.008492616000000001,
        0.008405116,
        0.007900216000000002,
        0.008262516000000001,
        0.008272116000000001,
        0.007511816000000001,
        0.009258216000000001,
        0.008726416,
        0.008143816000000002,
        0.009799816000000001,
        0.008030716,
        0.008065016000000001,
        0.008450616000000001,
        0.011449116,
        0.008274416000000001,
        0.008731916000000001,
        0.008718216,
        0.008400816000000002,
        0.007579616000000001,
        0.008247516000000002,
        0.008322516,
        0.006892016000000001,
        0.009291016000000001,
        0.008404216,
        0.010146516000000001
      ],
      "exit_codes": [
        0,
        0,
        0,
        0,
        0,
        0,
        0,
        0,
        0,
        0,
        0,
        0,
        0,
        0,
        0,
        0,
        0,
        0,
        0,
        0,
        0,
        0,
        0,
        0,
        0,
        0,
        0,
        0,
        0,
        0,
        0,
        0,
        0,
        0
      ]
    },
    {
      "command": "./fft_20_8",
      "mean": 0.00868311863157895,
      "stddev": 0.0011715167259506271,
      "median": 0.008451266000000002,
      "user": 0.00020886421052631563,
      "system": 0.00010121473684210527,
      "min": 0.006704016,
      "max": 0.011068816,
      "times": [
        0.011001316,
        0.008777716000000001,
        0.0074682160000000015,
        0.007589616,
        0.007384616000000002,
        0.007040816000000002,
        0.009072816000000001,
        0.010065216000000002,
        0.008436516000000002,
        0.008098716,
        0.007150916,
        0.008431816000000002,
        0.008205016,
        0.0074038160000000006,
        0.008088816,
        0.009792416000000002,
        0.008671316000000002,
        0.007827816000000001,
        0.008281616,
        0.009024916000000001,
        0.008466016000000002,
        0.009382016000000002,
        0.008397816,
        0.008548616000000002,
        0.009487416000000002,
        0.006704016,
        0.009663716000000001,
        0.010887516000000002,
        0.009904716000000001,
        0.007781816,
        0.008425216000000001,
        0.011068816,
        0.008755416000000002,
        0.007079516000000001,
        0.010697516,
        0.008543516000000001,
        0.010356016000000001,
        0.007994816000000002
      ],
      "exit_codes": [
        0,
        0,
        0,
        0,
        0,
        0,
        0,
        0,
        0,
        0,
        0,
        0,
        0,
        0,
        0,
        0,
        0,
        0,
        0,
        0,
        0,
        0,
        0,
        0,
        0,
        0,
        0,
        0,
        0,
        0,
        0,
        0,
        0,
        0,
        0,
        0,
        0,
        0
      ]
    },
    {
      "command": "./fft_20_16",
      "mean": 0.008596903096774194,
      "stddev": 0.00140715383066717,
      "median": 0.008663716000000002,
      "user": 0.00025535870967741917,
      "system": 0.00009220322580645162,
      "min": 0.005739116000000001,
      "max": 0.011386216000000001,