{
  "results": [
    {
      "command": "./fft_base",
      "mean": 0.009765717607906977,
      "stddev": 0.0010129268416320678,
      "median": 0.00976035098,
      "user": 0.001043391627906977,
      "system": 0.00010949116279069767,
      "min": 0.00824534998,
      "max": 0.012716250980000001,
      "times": [
        0.00976035098,
        0.01005814998,
        0.00887274998,
        0.009483149980000001,
        0.011195149980000001,
        0.00824534998,
        0.00827104998,
        0.00826634998,
        0.00831264998,
        0.009244950980000001,
        0.00867564998,
        0.011258849980000001,
        0.00971434998,
        0.009953949980000001,
        0.01040905098,
        0.009843549980000001,
        0.00987874998,
        0.009970949980000001,
        0.010003349980000001,
        0.00977625098,
        0.01139124998,
        0.011824549980000001,
        0.010533849980000001,
        0.01076695098,
        0.01015834998,
        0.00977134998,
        0.00961294998,
        0.00924024998,
        0.01015854998,
        0.012716250980000001,
        0.009132649980000001,
        0.010457549980000001,
        0.008917349980000001,
        0.00836084998,
        0.011175249980000001,
        0.00882364998,
        0.01021724998,
        0.009377949980000001,
        0.009275050980000001,
        0.00953374998,
        0.008602449980000001,
        0.00974615098,
        0.00893704998
      ],
      "exit_codes": [
        0,
        0,
        0,
        0,
        0,
        0,
        0,
        0,
        0,
        0,
        0,
        0,
        0,
        0,
        0,
        0,
        0,
        0,
        0,
        0,
        0,
        0,
        0,
        0,
        0,
        0,
        0,
        0,
        0,
        0,
        0,
        0,
        0,
        0,
        0,
        0,
        0,
        0,
        0,
        0,
        0,
        0,
        0
      ]
    },
    {
      "command": "./fft_3_2",
      "mean": 0.009612981405531913,
      "stddev": 0.0012724379699206789,
      "median": 0.009357348980000001,
      "user": 0.001059752340425532,
      "system": 0.0000834063829787234,
      "min": 0.0063085499800000005,
      "max": 0.013690348980000001,
      "times": [
        0.00880624998,
        0.00847635098,
        0.01077324998,
        0.01081874998,
        0.01009644998,
        0.00826864998,
        0.00809384998,
        0.010093349980000001,
        0.013690348980000001,
        0.00893484898,
        0.009098449980000001,
        0.009008749980000001,
        0.00852204998,
        0.00848874898,
        0.00948974898,
        0.00876494998,
        0.008778648980000001,
        0.00815314998,
        0.01147834898,
        0.01080174998,
        0.008967549980000001,
        0.012339948980000001,
        0.01115364898,
        0.009109549980000001,
        0.00979404998,
        0.011742848980000001,
        0.01227374898,
        0.009783149980000001,
        0.009588948980000001,
        0.008815748980000001,
        0.00958174898,
        0.00910764898,
        0.00891784898,
        0.009308548980000001,
        0.00926334998,
        0.00979264898,
        0.010732548980000001,
        0.009357348980000001,
        0.00924274898,
        0.00950174998,
        0.00949084998,
        0.009557148980000001,
        0.009247149980000001,
        0.00919674898,
        0.009581948980000001,
        0.00941564898,
        0.0063085499800000005
      ],
      "exit_codes": [
        0,
        0,
        0,
        0,
        0,
        0,
        0,
        0,
        0,
        0,
        0,
        0,
        0,
        0,
        0,
        0,
        0,
        0,
        0,
        0,
        0,
        0,
        0,
        0,
        0,
        0,
        0,
        0,
        0,
        0,
        0,
        0,
        0,
        0,
        0,
        0,
        0,
        0,
        0,
        0,
        0,
        0,
        0,
        0,
        0,
        0,
        0
      ]
    },
    {
      "command": "./fft_3_4",
      "mean": 0.009666127980000001,
      "stddev": 0.0010779189437499575,
      "median": 0.00956509948,
      "user": 0.001029978095238095,
      "system": 0.00009588285714285714,
      "min": 0.00787764898,
      "max": 0.012297048980000001,
      "times": [
        0.011898749980000001,
        0.00787764898,
        0.008299249980000001,
        0.00913014898,
        0.010394149980000001,
        0.012297048980000001,
        0.00923294898,
        0.00861134898,
        0.00821064898,
        0.009635948980000001,
        0.01013704898,
        0.01171084998,
        0.00803734998,
        0.01091614898,
        0.010466049980000001,
        0.008804549980000001,
        0.00840894998,
        0.008905448980000001,
        0.00979554998,
        0.011081048980000001,
        0.00922184898,
        0.01119734898,
        0.00870834898,
        0.00920964898,
        0.010028149980000001,
        0.00865004898,
        0.008486749980000001,
        0.01074294898,
        0.00977364898,
        0.00958654898,
        0.009454848980000001,
        0.009238949980000001,
        0.010812749980000001,
        0.009778248980000001,
        0.009698149980000001,
        0.00989514898,
        0.00954364998,
        0.00940404998,
        0.01102424898,
        0.009523548980000001,
        0.00961794998,
        0.00852964998
      ],
      "exit_codes": [
        0,
        0,
        0,
        0,
        0,
        0,
        0,
        0,
        0,
        0,
        0,
        0,
        0,
        0,
        0,
        0,
        0,
        0,
        0,
        0,
        0,
        0,
        0,
        0,
        0,
        0,
        0,
        0,
        0,
        0,
        0,
        0,
        0,
        0,
        0,
        0,
        0,
        0,
        0,
        0,
        0,
        0
      ]
    },
    {
      "command": "./fft_3_8",
      "mean": 0.01062143900173913,
      "stddev": 0.0029909489954961007,
      "median": 0.009997849980000001,
      "user": 0.0011201626086956525,
      "system": 0.00009965478260869564,
      "min": 0.00825534998,
      "max": 0.02905204998,
      "times": [
        0.00984114998,
        0.00931254898,
        0.01010264898,
        0.01100314998,
        0.00920304898,
        0.011968249980000002,
        0.01063614998,
        0.009769949980000001,
        0.01237704998,
        0.01134394998,
        0.009689949980000001,
        0.01013224998,
        0.00953544898,
        0.01293214998,
        0.00914114998,
        0.02905204998,
        0.011155349980000001,
        0.01003264998,
        0.01002624998,
        0.01031404998,
        0.009357849980000001,
        0.00921454998,
        0.00952414998,
        0.01265844898,
        0.00938214998,
        0.010562749980000001,
        0.00980404998,
        0.00981954998,
        0.00945494998,
        0.009969449980000001,
        0.01107964998,
        0.00989224998,
        0.01165614998,
        0.00825534998,
        0.00846564998,
        0.00920134998,
        0.01038204998,
        0.011925949980000001,
        0.00843894998,
        0.00838624998,
        0.011007349980000001,
        0.009926249980000001,
        0.01129084998,
        0.01114654998,
        0.00996704998,
        0.01024744998
      ],
      "exit_codes": [
        0,
        0,
        0,
        0,
        0,
        0,
        0,
        0,
        0,
        0,
        0,
        0,
        0,
        0,
        0,
        0,
        0,
        0,
        0,
        0,
        0,
        0,
        0,
        0,
        0,
        0,
        0,
        0,
        0,
        0,
        0,
        0,
        0,
        0,
        0,
        0,
        0,
        0,
        0,
        0,
        0,
        0,
        0,
        0,
        0,
        0
      ]
    },
    {
      "command": "./fft_3_16",
      "mean": 0.01037834498,