{
  "results": [
    {
      "command": "./fft_base",
      "mean": 0.009654704000000004,
      "stddev": 0.0017851093708071753,
      "median": 0.009256224,
      "user": 0.0009371200000000002,
      "system": 0.00008098599999999999,
      "min": 0.007499124000000001,
      "max": 0.017508424,
      "times": [
        0.010002224,
        0.009431024000000001,
        0.010339724,
        0.010520724,
        0.009813724000000001,
        0.009002824000000001,
        0.010058024,
        0.017508424,
        0.011471324000000001,
        0.009521624000000001,
        0.011548424000000002,
        0.008409024000000001,
        0.008760224,
        0.012507424000000001,
        0.010017924000000001,
        0.008227124,
        0.008578724000000001,
        0.010400524000000001,
        0.007892624,
        0.008796024000000001,
        0.009492224,
        0.007897624,
        0.009034624,
        0.009011924000000001,
        0.009792324,
        0.008687224,
        0.009264524000000001,
        0.008737424,
        0.008413624,
        0.008587124,
        0.007860024,
        0.009580224,
        0.007499124000000001,
        0.009035724,
        0.009592024000000001,
        0.008618324,
        0.008534124,
        0.011077324000000001,
        0.013417024000000001,
        0.009247924000000001
      ],
      "exit_codes": [
        0,
        0,
        0,
        0,
        0,
        0,
        0,
        0,
        0,
        0,
        0,
        0,
        0,
        0,
        0,
        0,
        0,
        0,
        0,
        0,
        0,
        0,
        0,
        0,
        0,
        0,
        0,
        0,
        0,
        0,
        0,
        0,
        0,
        0,
        0,
        0,
        0,
        0,
        0,
        0
      ]
    },
    {
      "command": "./fft_9_2",
      "mean": 0.009713635363636364,
      "stddev": 0.001278614442171028,
      "median": 0.009431174,
      "user": 0.0009372427272727273,
      "system": 0.00012173909090909089,
      "min": 0.008193624,
      "max": 0.013609224000000001,
      "times": [
        0.010297324,
        0.008193624,
        0.009544624,
        0.013034824,
        0.008668724000000001,
        0.012408224,
        0.009681824,
        0.008834524,
        0.013609224000000001,
        0.011006624000000001,
        0.009201824,
        0.009273224,
        0.009528824,
        0.009566924000000001,
        0.008626424,
        0.011063724,
        0.008388824000000001,
        0.008355724,
        0.009599724,
        0.009372024000000001,
        0.009671324,
        0.008238124000000001,
        0.008756624000000001,
        0.008448424000000001,
        0.009943924,
        0.009395424000000001,
        0.008324224,
        0.009070624000000001,
        0.008723624000000001,
        0.008512824,
        0.011860724000000001,
        0.008715424000000001,
        0.011117324000000001,
        0.010145624,
        0.010430224,
        0.009158124,
        0.010099724000000001,
        0.009712824,
        0.008773024,
        0.009466924,
        0.009318924000000001,
        0.009192924,
        0.011320124,
        0.010746124000000001
      ],
      "exit_codes": [
        0,
        0,
        0,
        0,
        0,
        0,
        0,
        0,
        0,
        0,
        0,
        0,
        0,
        0,
        0,
        0,
        0,
        0,
        0,
        0,
        0,
        0,
        0,
        0,
        0,
        0,
        0,
        0,
        0,
        0,
        0,
        0,
        0,
        0,
        0,
        0,
        0,
        0,
        0,
        0,
        0,
        0,
        0,
        0
      ]
    },
    {
      "command": "./fft_9_4",
      "mean": 0.009641126295454546,
      "stddev": 0.0011380060748087458,
      "median": 0.009551374000000001,
      "user": 0.0009141290909090913,
      "system": 0.0001189890909090909,
      "min": 0.0068852240000000006,
      "max": 0.013435424000000001,
      "times": [
        0.009452824,
        0.009352824000000001,
        0.0068852240000000006,
        0.008656424000000001,
        0.009598124000000001,
        0.009962424000000001,
        0.009859624,
        0.009080324,
        0.009020324,
        0.010388624,
        0.011942424,
        0.009648224,
        0.008821524,
        0.008550024,
        0.009527824,
        0.010067024,
        0.008518824000000001,
        0.009331724000000001,
        0.008701725,
        0.010412824000000001,
        0.009839224,
        0.009623424,
        0.008962524000000001,
        0.009537524,
        0.008594124,
        0.009814624000000001,
        0.010139924,
        0.008885624,
        0.008578824,
        0.011273424,
        0.010225524000000001,
        0.009861024000000001,
        0.008619224,
        0.007916024,
        0.011818924000000001,
        0.009361724,
        0.009776724,
        0.009565224,
        0.009529524000000001,
        0.011891224,
        0.013435424000000001,
        0.009766824,
        0.010157424,
        0.009256624
      ],
      "exit_codes": [
        0,
        0,
        0,
        0,
        0,
        0,
        0,
        0,
        0,
        0,
        0,
        0,
        0,
        0,
        0,
        0,
        0,
        0,
        0,
        0,
        0,
        0,
        0,
        0,
        0,
        0,
        0,
        0,
        0,
        0,
        0,
        0,
        0,
        0,
        0,
        0,
        0,
        0,
        0,
        0,
        0,
        0,
        0,
        0
      ]
    },
    {
      "command": "./fft_9_8",
      "mean": 0.009746226564102563,
      "stddev": 0.0008928883823940734,
      "median": 0.009827924,
      "user": 0.0008746687179487176,
      "system": 0.0001525005128205128,
      "min": 0.008219024,
      "max": 0.011645124000000001,
      "times": [
        0.008440424,
        0.009085724,
        0.009070324000000001,
        0.008932924,
        0.010911924,
        0.009063624000000001,
        0.009377724,
        0.009960524,
        0.010488224,
        0.010713224,
        0.010230424,
        0.009430024,
        0.010939024,
        0.008322924,
        0.010010524,
        0.010141024,
        0.010824924000000001,
        0.011362124000000001,
        0.010263824000000001,
        0.009866824000000001,
        0.010219424000000001,
        0.011153724,
        0.009705424,
        0.008950124,
        0.009088924,
        0.008602624,
        0.008621624000000001,
        0.009744624,
        0.009577624,
        0.008219024,
        0.008609624,
        0.010470324000000001,
        0.010255524,
        0.008620124,
        0.010086924,
        0.009929324,
        0.009338524,
        0.011645124000000001,
        0.009827924
      ],
      "exit_codes": [
        0,
        0,
        0,
        0,
        0,
        0,
        0,
        0,
        0,
        0,
        0,
        0,
        0,
        0,
        0,
        0,
        0,
        0,
        0,
        0,
        0,
        0,
        0,
        0,
        0,
        0,
        0,
        0,
        0,
        0,
        0,
        0,
        0,
        0,
        0,
        0,
        0,
        0,
        0
      ]
    },
    {
      "command": "./fft_9_16",
      "mean": 0.01001894627777778,
      "stddev": 0.0008795703220669773,
      "median": 0.009782124,
      "user": 0.0009113588888888891,
      "system": 0.0001411711111111111,
      "min": 0.008139324,
      "max": 0.012404724,