{
  "results": [
    {
      "command": "./fft_base",
      "mean": 0.009613977994358975,
      "stddev": 0.0009581374011699799,
      "median": 0.009355814019999999,
      "user": 0.0010448810256410259,
      "system": 0.00007945128205128205,
      "min": 0.00817131402,
      "max": 0.011806614020000002,
      "times": [
        0.00943701302,
        0.00876671402,
        0.00981821402,
        0.009814614020000001,
        0.011806614020000002,
        0.008325414020000001,
        0.00982011402,
        0.00942921402,
        0.009104714020000002,
        0.00910661402,
        0.00927621402,
        0.00916821302,
        0.008207414020000001,
        0.009952914020000002,
        0.008977314020000002,
        0.009257614019999999,
        0.00887641402,
        0.011768113020000002,
        0.009588414020000002,
        0.011454414020000001,
        0.009039714019999999,
        0.01135751402,
        0.01174671402,
        0.01075661402,
        0.009222714020000002,
        0.00817131402,
        0.00996081402,
        0.00885901402,
        0.008622714020000002,
        0.00955361402,
        0.010186114020000001,
        0.01005791402,
        0.008722714020000001,
        0.009291614020000002,
        0.009072113020000001,
        0.01026171402,
        0.009355814019999999,
        0.009498413019999999,
        0.00925171402
      ],
      "exit_codes": [
        0,
        0,
        0,
        0,
        0,
        0,
        0,
        0,
        0,
        0,
        0,
        0,
        0,
        0,
        0,
        0,
        0,
        0,
        0,
        0,
        0,
        0,
        0,
        0,
        0,
        0,
        0,
        0,
        0,
        0,
        0,
        0,
        0,
        0,
        0,
        0,
        0,
        0,
        0
      ]
    },
    {
      "command": "./fft_25_2",
      "mean": 0.011203553467368425,
      "stddev": 0.0033989163320263405,
      "median": 0.01054076402,
      "user": 0.0011742926315789475,
      "system": 0.0001235894736842105,
      "min": 0.009342514020000001,
      "max": 0.030864314020000005,
      "times": [
        0.01277431402,
        0.012280514020000001,
        0.01036751402,
        0.010587514020000001,
        0.010937414020000001,
        0.012144813019999999,
        0.01038801402,
        0.009777814020000001,
        0.01063841402,
        0.010427814019999999,
        0.01141011402,
        0.01086041402,
        0.01069341402,
        0.010509614019999999,
        0.01065491402,
        0.011128314020000002,
        0.01103401402,
        0.01146851402,
        0.030864314020000005,
        0.010180714020000002,
        0.010330914020000002,
        0.01102861402,
        0.009687714020000002,
        0.009342514020000001,
        0.00963491402,
        0.01029031402,
        0.011156314019999999,
        0.00996791402,
        0.013789314020000002,
        0.009574514020000001,
        0.01048531402,
        0.00966161402,
        0.010653914020000002,
        0.01057191402,
        0.01024471402,
        0.00992591402,
        0.00990811402,
        0.010352014020000001
      ],
      "exit_codes": [
        0,
        0,
        0,
        0,
        0,
        0,
        0,
        0,
        0,
        0,
        0,
        0,
        0,
        0,
        0,
        0,
        0,
        0,
        0,
        0,
        0,
        0,
        0,
        0,
        0,
        0,
        0,
        0,
        0,
        0,
        0,
        0,
        0,
        0,
        0,
        0,
        0,
        0
      ]
    },
    {
      "command": "./fft_25_4",
      "mean": 0.010336882448571429,
      "stddev": 0.0008774150704721927,
      "median": 0.010205513020000001,
      "user": 0.0011065542857142856,
      "system": 0.00001938285714285714,
      "min": 0.008694014020000002,
      "max": 0.012576614020000002,
      "times": [
        0.011564313020000001,
        0.012576614020000002,
        0.010484014020000001,
        0.010050514020000002,
        0.01062731402,
        0.009739714020000002,
        0.010071514020000002,
        0.011128414020000001,
        0.00986281402,
        0.01146941302,
        0.010381814020000001,
        0.01127011402,
        0.01036921402,
        0.010205513020000001,
        0.01120281402,
        0.00996961402,
        0.010357314020000001,
        0.01120181302,
        0.008694014020000002,
        0.009561014020000001,
        0.00885151402,
        0.011813014020000002,
        0.01129351402,
        0.00924801402,
        0.00980671402,
        0.00988371402,
        0.010186714020000001,
        0.009919114020000001,
        0.00991471402,
        0.00895781402,
        0.010340913020000002,
        0.010305114019999999,
        0.009210514020000001,
        0.01107151402,
        0.010200114020000001
      ],
      "exit_codes": [
        0,
        0,
        0,
        0,
        0,
        0,
        0,
        0,
        0,
        0,
        0,
        0,
        0,
        0,
        0,
        0,
        0,
        0,
        0,
        0,
        0,
        0,
        0,
        0,
        0,
        0,
        0,
        0,
        0,
        0,
        0,
        0,
        0,
        0,
        0
      ]
    },
    {
      "command": "./fft_25_8",
      "mean": 0.009899053485116277,
      "stddev": 0.000950886764089068,
      "median": 0.01004321402,
      "user": 0.0010493562790697675,
      "system": 0.00008548837209302324,
      "min": 0.007536114020000001,
      "max": 0.012529814020000002,
      "times": [
        0.00877951402,
        0.00814221402,
        0.00925441402,
        0.009846714020000001,
        0.00904491402,
        0.012529814020000002,
        0.009393314020000001,
        0.01108081302,
        0.01005091402,
        0.01058291402,
        0.011304214020000002,
        0.009892114019999999,
        0.010087314020000002,
        0.009979714019999999,
        0.010143314019999999,
        0.010825014019999999,
        0.01004321402,
        0.01073771402,
        0.011079314020000001,
        0.01062141402,
        0.010653013020000001,
        0.01012611402,
        0.010931914019999999,
        0.010225614019999999,
        0.01042421302,
        0.00923571402,
        0.009723914020000002,
        0.010585014020000002,
        0.01027101402,
        0.01098621402,
        0.01030431402,
        0.00912321402,
        0.009404414020000001,
        0.00938951402,
        0.008642514019999999,
        0.008601714020000002,
        0.009619814019999999,
        0.008686314019999999,
        0.00961681402,
        0.007536114020000001,
        0.009118614019999999,
        0.010178914019999999,
        0.00885541402
      ],
      "exit_codes": [
        0,
        0,
        0,
        0,
        0,
        0,
        0,
        0,
        0,
        0,
        0,
        0,
        0,
        0,
        0,
        0,
        0,
        0,
        0,
        0,
        0,
        0,
        0,
        0,
        0,
        0,
        0,
        0,
        0,
        0,
        0,
        0,
        0,
        0,
        0,
        0,
        0,
        0,
        0,
        0,
        0,
        0,
        0
      ]
    },
    {
      "command": "./fft_25_16",
      "mean": 0.010071399662857142,
      "stddev": 0.001285806016376457,
      "median": 0.01004426402,
      "user": 0.0010185019047619045,
      "system": 0.00012437619047619045,
      "min": 0.0075043140200000006,
      "max": 0.013990214019999999,