{
  "results": [
    {
      "command": "./fft_base",
      "mean": 0.010005361849565218,
      "stddev": 0.002906957737093026,
      "median": 0.00969156598,
      "user": 0.0010769930434782603,
      "system": 0.000125755652173913,
      "min": 0.00774711598,
      "max": 0.027618816980000002,
      "times": [
        0.00965811598,
        0.00774711598,
        0.00824951698,
        0.009645015980000001,
        0.010217515980000001,
        0.01021651598,
        0.00972501598,
        0.01053971698,
        0.010129015980000001,
        0.01059461698,
        0.01048111598,
        0.00904141598,
        0.01043051598,
        0.010372315980000001,
        0.009320815980000001,
        0.00993341598,
        0.00913491598,
        0.00835281598,
        0.00836851698,
        0.00777811598,
        0.01152711598,
        0.00857721598,
        0.008119616980000001,
        0.008598415980000001,
        0.010315115980000001,
        0.00787231598,
        0.008791215980000001,
        0.00834901598,
        0.008668815980000001,
        0.01008831598,
        0.008977315980000001,
        0.012152115980000001,
        0.009747716980000001,
        0.01360281598,
        0.00871071698,
        0.00943711598,
        0.00910061598,
        0.008269515980000001,
        0.01049141598,
        0.01054931698,
        0.01111001598,
        0.01005601698,
        0.010524815980000001,
        0.00922871598,
        0.00982631598,
        0.027618816980000002
      ],
      "exit_codes": [
        0,
        0,
        0,
        0,
        0,
        0,
        0,
        0,
        0,
        0,
        0,
        0,
        0,
        0,
        0,
        0,
        0,
        0,
        0,
        0,
        0,
        0,
        0,
        0,
        0,
        0,
        0,
        0,
        0,
        0,
        0,
        0,
        0,
        0,
        0,
        0,
        0,
        0,
        0,
        0,
        0,
        0,
        0,
        0,
        0,
        0
      ]
    },
    {
      "command": "./fft_5_2",
      "mean": 0.01024444284666667,
      "stddev": 0.0028180102428943437,
      "median": 0.00979171598,
      "user": 0.0009982466666666667,
      "system": 0.0002138248888888889,
      "min": 0.008370816980000001,
      "max": 0.02794161698,
      "times": [
        0.00886511698,
        0.00978301598,
        0.00885951698,
        0.009815915980000001,
        0.008370816980000001,
        0.01061251598,
        0.010130116980000001,
        0.00992401598,
        0.00968351598,
        0.008528915980000001,
        0.02794161698,
        0.00870051698,
        0.00953531598,
        0.00898161698,
        0.01106481598,
        0.00958181598,
        0.009121015980000001,
        0.01174701598,
        0.01026591598,
        0.00949161598,
        0.00962941598,
        0.00988191698,
        0.008844016980000001,
        0.01186861598,
        0.00928841598,
        0.00907041598,
        0.01094261598,
        0.00981101598,
        0.01028281598,
        0.010061515980000001,
        0.00976401598,
        0.00896051598,
        0.00979171598,
        0.01099591598,
        0.01004511598,
        0.01092101598,
        0.010258415980000001,
        0.011218215980000001,
        0.009296815980000001,
        0.00972821598,
        0.01029451598,
        0.009914015980000001,
        0.00898291598,
        0.01036431598,
        0.00977871598
      ],
      "exit_codes": [
        0,
        0,
        0,
        0,
        0,
        0,
        0,
        0,
        0,
        0,
        0,
        0,
        0,
        0,
        0,
        0,
        0,
        0,
        0,
        0,
        0,
        0,
        0,
        0,
        0,
        0,
        0,
        0,
        0,
        0,
        0,
        0,
        0,
        0,
        0,
        0,
        0,
        0,
        0,
        0,
        0,
        0,
        0,
        0,
        0
      ]
    },
    {
      "command": "./fft_5_4",
      "mean": 0.00986147858,
      "stddev": 0.003216183110187881,
      "median": 0.00931911598,
      "user": 0.0010136049999999999,
      "system": 0.00022368599999999999,
      "min": 0.00804591598,
      "max": 0.029136715980000002,
      "times": [
        0.00938131598,
        0.00940291598,
        0.008908615980000001,
        0.009895915980000001,
        0.010145415980000001,
        0.01020491598,
        0.00950121598,
        0.01105131598,
        0.009622215980000001,
        0.01085061598,
        0.010455315980000001,
        0.00932481598,
        0.029136715980000002,
        0.00908751598,
        0.01006991598,
        0.009803315980000001,
        0.00932191598,
        0.00934221598,
        0.00892671698,
        0.00964301598,
        0.00885911598,
        0.00899721598,
        0.008714415980000001,
        0.01035271598,
        0.01137271598,
        0.00931411598,
        0.00852911598,
        0.00914311598,
        0.00872331598,
        0.00908701598,
        0.009060815980000001,
        0.00841021598,
        0.008832715980000001,
        0.008259216980000001,
        0.00879941698,
        0.00956971698,
        0.00848761598,
        0.00931631598,
        0.00850841598,
        0.00804591598
      ],
      "exit_codes": [
        0,
        0,
        0,
        0,
        0,
        0,
        0,
        0,
        0,
        0,
        0,
        0,
        0,
        0,
        0,
        0,
        0,
        0,
        0,
        0,
        0,
        0,
        0,
        0,
        0,
        0,
        0,
        0,
        0,
        0,
        0,
        0,
        0,
        0,
        0,
        0,
        0,
        0,
        0,
        0
      ]
    },
    {
      "command": "./fft_5_8",
      "mean": 0.00991508125906977,
      "stddev": 0.0014603073076954647,
      "median": 0.00968391598,
      "user": 0.0010187427906976742,
      "system": 0.00011325767441860462,
      "min": 0.00722141598,
      "max": 0.014075516980000001,
      "times": [
        0.010257515980000001,
        0.01129751598,
        0.01094321598,
        0.00953091598,
        0.009538415980000001,
        0.009336015980000001,
        0.009593816980000001,
        0.013387316980000001,
        0.00933651598,
        0.01099591598,
        0.00916601698,
        0.014075516980000001,
        0.009295415980000001,
        0.00903491598,
        0.01113681598,
        0.00917291598,
        0.01196331598,
        0.00907551698,
        0.00968391598,
        0.012833615980000001,
        0.01038621598,
        0.010219315980000001,
        0.01022361598,
        0.00751581598,
        0.00818231598,
        0.00869931598,
        0.0077846159799999995,
        0.00859071598,
        0.009685216980000001,
        0.008864416980000001,
        0.01172371598,
        0.00722141598,
        0.01042161598,
        0.01000011598,
        0.01206751598,
        0.00969041598,
        0.009761015980000001,
        0.009052615980000001,
        0.00886381598,
        0.009920215980000001,
        0.00847741598,
        0.00957391598,
        0.009768015980000001
      ],
      "exit_codes": [
        0,
        0,
        0,
        0,
        0,
        0,
        0,
        0,
        0,
        0,
        0,
        0,
        0,
        0,
        0,
        0,
        0,
        0,
        0,
        0,
        0,
        0,
        0,
        0,
        0,
        0,
        0,
        0,
        0,
        0,
        0,
        0,
        0,
        0,
        0,
        0,
        0,
        0,
        0,
        0,
        0,
        0,
        0
      ]
    },
    {
      "command": "./fft_5_16",
      "mean": 0.009774976080000001,
      "stddev": 0.0011787629177117847,
      "median": 0.00976496598,
      "user": 0.001010455,
      "system": 0.00009865999999999998,
      "min": 0.00796421598,
      "max": 0.01343461598,