{
  "results": [
    {
      "command": "./fft_base",
      "mean": 0.010957266865714289,
      "stddev": 0.0016300947120061094,
      "median": 0.010396983980000002,
      "user": 0.0009225371428571431,
      "system": 0.00013435085714285714,
      "min": 0.007024383980000002,
      "max": 0.013857883980000001,
      "times": [
        0.010396983980000002,
        0.01101548398,
        0.01018248398,
        0.01248918398,
        0.013576883980000001,
        0.01063428498,
        0.013857883980000001,
        0.010169783980000001,
        0.012707483980000002,
        0.00981498398,
        0.011956483980000002,
        0.012823083980000002,
        0.009778883980000002,
        0.01274388398,
        0.01136988398,
        0.01026368398,
        0.013372283980000002,
        0.011544383980000001,
        0.009953983980000001,
        0.009095083980000002,
        0.009497883980000002,
        0.009912783980000001,
        0.008976483980000002,
        0.007024383980000002,
        0.009548183980000001,
        0.010078883980000002,
        0.013107783980000001,
        0.011911483980000002,
        0.013194183980000001,
        0.01234688398,
        0.01142998398,
        0.010173783980000002,
        0.010274983980000001,
        0.00968798398,
        0.008591583980000001
      ],
      "exit_codes": [
        0,
        0,
        0,
        0,
        0,
        0,
        0,
        0,
        0,
        0,
        0,
        0,
        0,
        0,
        0,
        0,
        0,
        0,
        0,
        0,
        0,
        0,
        0,
        0,
        0,
        0,
        0,
        0,
        0,
        0,
        0,
        0,
        0,
        0,
        0
      ]
    },
    {
      "command": "./fft_22_2",
      "mean": 0.010826800223243246,
      "stddev": 0.0018298965420849376,
      "median": 0.010327783980000001,
      "user": 0.0009710475675675679,
      "system": 0.0001069027027027027,
      "min": 0.008813583980000001,
      "max": 0.01974228398,
      "times": [
        0.011291183980000001,
        0.009982183980000002,
        0.009938483980000001,
        0.009950183980000001,
        0.01282358398,
        0.01018068398,
        0.009830583980000002,
        0.01146798398,
        0.01004458398,
        0.01032088398,
        0.01077808398,
        0.01010158398,
        0.010327783980000001,
        0.011800883980000001,
        0.01130088398,
        0.010481483980000001,
        0.00892688498,
        0.01077398398,
        0.010090283980000002,
        0.01056188398,
        0.009164083980000001,
        0.01019358398,
        0.011382883980000001,
        0.01179718398,
        0.010142583980000001,
        0.00977348398,
        0.00954008398,
        0.010543883980000002,
        0.008813583980000001,
        0.010550583980000002,
        0.01075848398,
        0.009992783980000001,
        0.011358983980000001,
        0.013786583980000001,
        0.009639883980000001,
        0.01974228398,
        0.01243658398
      ],
      "exit_codes": [
        0,
        0,
        0,
        0,
        0,
        0,
        0,
        0,
        0,
        0,
        0,
        0,
        0,
        0,
        0,
        0,
        0,
        0,
        0,
        0,
        0,
        0,
        0,
        0,
        0,
        0,
        0,
        0,
        0,
        0,
        0,
        0,
        0,
        0,
        0,
        0,
        0
      ]
    },
    {
      "command": "./fft_22_4",
      "mean": 0.010544225674444449,
      "stddev": 0.0010350882712809384,
      "median": 0.01034558398,
      "user": 0.0009602577777777778,
      "system": 0.00008198666666666667,
      "min": 0.008996183980000001,
      "max": 0.013089483980000002,
      "times": [
        0.010724183980000001,
        0.009560183980000001,
        0.009176083980000001,
        0.009622383980000001,
        0.01033758398,
        0.01028998398,
        0.01035358398,
        0.00942538398,
        0.013089483980000002,
        0.009430683980000002,
        0.01161578398,
        0.011292383980000001,
        0.011242383980000001,
        0.00998738398,
        0.009758683980000002,
        0.009955883980000002,
        0.01147648398,
        0.01041348398,
        0.012855883980000002,
        0.009618183980000002,
        0.012911283980000002,
        0.008996183980000001,
        0.009721083980000001,
        0.01167128398,
        0.010606183980000001,
        0.010055883980000001,
        0.01054228398,
        0.010893984980000002,
        0.010081483980000002,
        0.009389483980000002,
        0.011460483980000002,
        0.01159678398,
        0.010310883980000001,
        0.01009078398,
        0.010658183980000001,
        0.010379783980000001
      ],
      "exit_codes": [
        0,
        0,
        0,
        0,
        0,
        0,
        0,
        0,
        0,
        0,
        0,
        0,
        0,
        0,
        0,
        0,
        0,
        0,
        0,
        0,
        0,
        0,
        0,
        0,
        0,
        0,
        0,
        0,
        0,
        0,
        0,
        0,
        0,
        0,
        0,
        0
      ]
    },
    {
      "command": "./fft_22_8",
      "mean": 0.011463769332941173,
      "stddev": 0.0034090060419766886,
      "median": 0.01069358398,
      "user": 0.0010196270588235295,
      "system": 0.00014560705882352943,
      "min": 0.00922938398,
      "max": 0.02895178398,
      "times": [
        0.011159683980000001,
        0.011038183980000001,
        0.011078183980000001,
        0.011549383980000001,
        0.00997998398,
        0.010471983980000002,
        0.011748883980000001,
        0.01052388398,
        0.02895178398,
        0.010515683980000001,
        0.011499083980000002,
        0.010949383980000001,
        0.011647384980000001,
        0.01743728398,
        0.01078158398,
        0.01064868398,
        0.01017688398,
        0.00984708398,
        0.011428983980000001,
        0.013994183980000002,
        0.01049388398,
        0.010738483980000001,
        0.010495083980000002,
        0.010574683980000001,
        0.01129798398,
        0.00922938398,
        0.009866183980000002,
        0.010836983980000001,
        0.009497883980000002,
        0.009553684980000001,
        0.01041988398,
        0.009613083980000001,
        0.01135848398,
        0.010364283980000001
      ],
      "exit_codes": [
        0,
        0,
        0,
        0,
        0,
        0,
        0,
        0,
        0,
        0,
        0,
        0,
        0,
        0,
        0,
        0,
        0,
        0,
        0,
        0,
        0,
        0,
        0,
        0,
        0,
        0,
        0,
        0,
        0,
        0,
        0,
        0,
        0,
        0
      ]
    },
    {
      "command": "./fft_22_16",
      "mean": 0.011056897493513513,
      "stddev": 0.0012643743310345157,
      "median": 0.010696783980000001,
      "user": 0.0009490745945945946,
      "system": 0.00006955783783783783,
      "min": 0.00902898398,
      "max": 0.014843783980000002,