{
  "results": [
    {
      "command": "./fft_base",
      "mean": 0.010752666161818181,
      "stddev": 0.0011116338770180095,
      "median": 0.01062614798,
      "user": 0.0006892072727272726,
      "system": 0.00010428363636363635,
      "min": 0.00895194798,
      "max": 0.013674047980000001,
      "times": [
        0.012809447980000001,
        0.010234047980000001,
        0.010248047980000001,
        0.01022464798,
        0.011176647980000001,
        0.01020834798,
        0.01150794798,
        0.01070114798,
        0.01064874798,
        0.010879547980000001,
        0.01035594798,
        0.00980234798,
        0.01131094798,
        0.01062614798,
        0.01052094798,
        0.01024154798,
        0.01009104798,
        0.01110844798,
        0.00906264798,
        0.011010147980000001,
        0.011256947980000001,
        0.00962154798,
        0.00984654798,
        0.01114864798,
        0.01090404798,
        0.009475147980000001,
        0.010225847980000001,
        0.01362494798,
        0.01157204798,
        0.01212224798,
        0.00895194798,
        0.013674047980000001,
        0.00964524798
      ],
      "exit_codes": [
        0,
        0,
        0,
        0,
        0,
        0,
        0,
        0,
        0,
        0,
        0,
        0,
        0,
        0,
        0,
        0,
        0,
        0,
        0,
        0,
        0,
        0,
        0,
        0,
        0,
        0,
        0,
        0,
        0,
        0,
        0,
        0,
        0
      ]
    },
    {
      "command": "./fft_16_2",
      "mean": 0.009961651551428571,
      "stddev": 0.0011901054869156652,
      "median": 0.009940747980000001,
      "user": 0.0006639157142857141,
      "system": 0.00017847714285714283,
      "min": 0.008089147980000001,
      "max": 0.012759247980000001,
      "times": [
        0.01037214798,
        0.01000964798,
        0.01208814798,
        0.01110664798,
        0.01043104798,
        0.009256947980000001,
        0.01189514798,
        0.00987184798,
        0.012759247980000001,
        0.01013724798,
        0.01197444798,
        0.01007304798,
        0.009353047980000001,
        0.00916374798,
        0.01025464798,
        0.010654047980000001,
        0.00836444798,
        0.00933794798,
        0.01076664798,
        0.00954794798,
        0.00902134798,
        0.00894534798,
        0.00885964798,
        0.00871084798,
        0.008769747980000001,
        0.008089147980000001,
        0.010089747980000001,
        0.00902234798
      ],
      "exit_codes": [
        0,
        0,
        0,
        0,
        0,
        0,
        0,
        0,
        0,
        0,
        0,
        0,
        0,
        0,
        0,
        0,
        0,
        0,
        0,
        0,
        0,
        0,
        0,
        0,
        0,
        0,
        0,
        0
      ]
    },
    {
      "command": "./fft_16_4",
      "mean": 0.010950717424444444,
      "stddev": 0.0035579711296362974,
      "median": 0.01003839798,
      "user": 0.0007507711111111111,
      "system": 0.00018135277777777775,
      "min": 0.008647047980000001,
      "max": 0.03035304798,
      "times": [
        0.008647047980000001,
        0.01141084798,
        0.00910274798,
        0.00946014798,
        0.00904054798,
        0.00970314798,
        0.01095304798,
        0.009723447980000001,
        0.03035304798,
        0.00901524798,
        0.011605447980000001,
        0.01060884798,
        0.01013374798,
        0.00913654798,
        0.00881344798,
        0.01186904798,
        0.01049754798,
        0.01243134798,
        0.00951414798,
        0.00991034798,
        0.01167324798,
        0.01002204798,
        0.00979374798,
        0.00916194798,
        0.00993044798,
        0.012706647980000001,
        0.01011934798,
        0.01101834798,
        0.00983904798,
        0.01096594798,
        0.00962124798,
        0.01210194798,
        0.00948894798,
        0.01149494798,
        0.014303447980000002,
        0.01005474798
      ],
      "exit_codes": [
        0,
        0,
        0,
        0,
        0,
        0,
        0,
        0,
        0,
        0,
        0,
        0,
        0,
        0,
        0,
        0,
        0,
        0,
        0,
        0,
        0,
        0,
        0,
        0,
        0,
        0,
        0,
        0,
        0,
        0,
        0,
        0,
        0,
        0,
        0,
        0
      ]
    },
    {
      "command": "./fft_16_8",
      "mean": 0.010683120373939394,
      "stddev": 0.003968905679021698,
      "median": 0.00980274798,
      "user": 0.0008545296969696968,
      "system": 0.0001076472727272727,
      "min": 0.00799704798,
      "max": 0.03193534698,
      "times": [
        0.01067994798,
        0.01143084798,
        0.01183424798,
        0.009408847980000001,
        0.01041974798,
        0.008946747980000001,
        0.01224214698,
        0.010709646980000001,
        0.00916564798,
        0.00967764798,
        0.00924424698,
        0.00967784798,
        0.00968734798,
        0.01140204698,
        0.009130846980000001,
        0.01046644798,
        0.00919174798,
        0.00837634698,
        0.00980444798,
        0.01182284798,
        0.00980274798,
        0.009941146980000001,
        0.009030946980000001,
        0.00927904698,
        0.00799704798,
        0.00913694798,
        0.03193534698,
        0.00891714798,
        0.01131174698,
        0.01034194798,
        0.00957064798,
        0.00980914798,
        0.01214944798
      ],
      "exit_codes": [
        0,
        0,
        0,
        0,
        0,
        0,
        0,
        0,
        0,
        0,
        0,
        0,
        0,
        0,
        0,
        0,
        0,
        0,
        0,
        0,
        0,
        0,
        0,
        0,
        0,
        0,
        0,
        0,
        0,
        0,
        0,
        0,
        0
      ]
    },
    {
      "command": "./fft_16_16",
      "mean": 0.010380133952222224,
      "stddev": 0.0013046189432071287,
      "median": 0.010419997980000002,
      "user": 0.0005955233333333332,
      "system": 0.00019986277777777776,
      "min": 0.00795424798,
      "max": 0.014790647980000002,
      "times": [
        0.01044474798,
        0.008739947980000001,
        0.01047534798,
        0.00815334798,
        0.00903394798,
        0.01173604798,
        0.00795424798,
        0.00895734798,
        0.00881024798,
        0.009800547980000001,
        0.012912847980000001,
        0.01111284698,
        0.01141314698,
        0.01164364798,
        0.014790647980000002,
        0.00976604798,
        0.01061524798,
        0.009323847980000001,
        0.00910174798,
        0.01037124798,
        0.01109064798,
        0.01120574698,
        0.01035644798,
        0.010550347980000001,
        0.010395247980000001,
        0.01082994798,
        0.01013084698,
        0.01167754698,
        0.01057464798,
        0.00953314798,
        0.01076764798,
        0.00997564798,
        0.01005294798,
        0.009785347980000001,
        0.01044674798,
        0.01115484798
      ],
      "exit_codes": [
        0,
        0,
        0,
        0,
        0,
        0,
        0,
        0,
        0,
        0,
        0,
        0,
        0,
        0,
        0,
        0,
        0,
        0,
        0,
        0,
        0,
        0,
        0,
        0,
        0,
        0,
        0,
        0,
        0,
        0,
        0,
        0,
        0,
        0,
        0,
        0
      ]
    },
    {
      "command": "./fft_16_32",
      "mean": 0.01108254209764706,
      "stddev": 0.003038394753109268,
      "median": 0.010458847980000002,
      "user": 0.0008051317647058821,
      "system": 0.00013700117647058824,
      "min": 0.00892274798,
      "max": 0.027381247980000002,