{
  "results": [
    {
      "command": "./fft_base",
      "mean": 0.010187236314285716,
      "stddev": 0.00289533937757171,
      "median": 0.009514002,
      "user": 0.00100034,
      "system": 0.00008918971428571429,
      "min": 0.0069951020000000004,
      "max": 0.025217602000000002,
      "times": [
        0.011517602000000002,
        0.008523202,
        0.011279602,
        0.009196502000000002,
        0.013103802000000001,
        0.011562302,
        0.025217602000000002,
        0.010897102000000002,
        0.009805602,
        0.007885802,
        0.010596302000000002,
        0.009034902000000001,
        0.011177402000000003,
        0.011775202000000002,
        0.009949502000000002,
        0.009204002000000003,
        0.009514002,
        0.008876402000000002,
        0.008917302000000002,
        0.008370902,
        0.009194502,
        0.009356702000000001,
        0.008910203000000002,
        0.009974802000000001,
        0.0069951020000000004,
        0.008532702,
        0.009386102,
        0.009778202,
        0.011180202,
        0.009984202000000001,
        0.010190402000000001,
        0.009144502000000002,
        0.008723002,
        0.008974802,
        0.009822802000000002
      ],
      "exit_codes": [
        0,
        0,
        0,
        0,
        0,
        0,
        0,
        0,
        0,
        0,
        0,
        0,
        0,
        0,
        0,
        0,
        0,
        0,
        0,
        0,
        0,
        0,
        0,
        0,
        0,
        0,
        0,
        0,
        0,
        0,
        0,
        0,
        0,
        0,
        0
      ]
    },
    {
      "command": "./fft_10_2",
      "mean": 0.009157806434782612,
      "stddev": 0.0011260465434558527,
      "median": 0.009192252500000001,
      "user": 0.0007667660869565215,
      "system": 0.00018274478260869563,
      "min": 0.007395802000000001,
      "max": 0.012874402,
      "times": [
        0.008186302,
        0.010724202000000002,
        0.0076827020000000005,
        0.009568802000000001,
        0.009106203,
        0.008117702000000001,
        0.007723802000000001,
        0.008777702000000002,
        0.008083902,
        0.008452302000000002,
        0.009278302000000002,
        0.009467502000000003,
        0.008540402000000002,
        0.009051802000000001,
        0.011020702,
        0.010700302000000002,
        0.008817902000000002,
        0.009468703000000002,
        0.009408402,
        0.009493502000000001,
        0.008304102,
        0.009825202000000002,
        0.010925502,
        0.007817902000000002,
        0.008127502000000002,
        0.009332903,
        0.009102702,
        0.009682902,
        0.009318602000000002,
        0.008458002000000003,
        0.009481802000000001,
        0.012874402,
        0.009840502000000001,
        0.008432202,
        0.008213002,
        0.007395802000000001,
        0.011504102000000002,
        0.007903202000000002,
        0.0075795030000000005,
        0.008580202000000002,
        0.009306502000000001,
        0.009789402000000003,
        0.008243802000000001,
        0.010054602000000003,
        0.009530902,
        0.009962702
      ],
      "exit_codes": [
        0,
        0,
        0,
        0,
        0,
        0,
        0,
        0,
        0,
        0,
        0,
        0,
        0,
        0,
        0,
        0,
        0,
        0,
        0,
        0,
        0,
        0,
        0,
        0,
        0,
        0,
        0,
        0,
        0,
        0,
        0,
        0,
        0,
        0,
        0,
        0,
        0,
        0,
        0,
        0,
        0,
        0,
        0,
        0,
        0,
        0
      ]
    },
    {
      "command": "./fft_10_4",
      "mean": 0.008822667217391307,
      "stddev": 0.0009100726967830382,
      "median": 0.008727802000000002,
      "user": 0.0008835704347826085,
      "system": 0.00006953565217391304,
      "min": 0.007507602000000001,
      "max": 0.011800402000000002,
      "times": [
        0.008344802000000002,
        0.009498902,
        0.008556102,
        0.008343102000000002,
        0.008714602000000002,
        0.007862702000000003,
        0.009016202000000001,
        0.007946902000000002,
        0.010205202,
        0.008116702,
        0.009940002,
        0.009981702000000002,
        0.008833202000000002,
        0.008249802,
        0.007507602000000001,
        0.008299302000000001,
        0.008594602,
        0.009760602,
        0.008897902000000003,
        0.009001602000000001,
        0.007720602000000001,
        0.008859602000000001,
        0.007539202000000001,
        0.008351902000000001,
        0.008660202000000002,
        0.011800402000000002,
        0.008078502000000001,
        0.008755802,
        0.008872002,
        0.008905702000000001,
        0.007868702000000002,
        0.009410602,
        0.008168502000000001,
        0.008515702,
        0.007873102,
        0.008816002,
        0.008760302000000001,
        0.008741002000000001,
        0.007805602000000001,
        0.009287802000000001,
        0.010048602,
        0.008194002000000002,
        0.008337102000000002,
        0.009831002000000002,
        0.009749002,
        0.011220202000000002
      ],
      "exit_codes": [
        0,
        0,
        0,
        0,
        0,
        0,
        0,
        0,
        0,
        0,
        0,
        0,
        0,
        0,
        0,
        0,
        0,
        0,
        0,
        0,
        0,
        0,
        0,
        0,
        0,
        0,
        0,
        0,
        0,
        0,
        0,
        0,
        0,
        0,
        0,
        0,
        0,
        0,
        0,
        0,
        0,
        0,
        0,
        0,
        0,
        0
      ]
    },
    {
      "command": "./fft_10_8",
      "mean": 0.009458678190476192,
      "stddev": 0.0013414906733691273,
      "median": 0.009277652,
      "user": 0.000822344761904762,
      "system": 0.0001511257142857143,
      "min": 0.007636302,
      "max": 0.013033402000000003,
      "times": [
        0.008918502000000002,
        0.009757702,
        0.008321902000000003,
        0.007788202000000002,
        0.012938902000000002,
        0.009799202,
        0.009822702000000003,
        0.009270402,
        0.009457602000000002,
        0.008535002,
        0.009549802,
        0.012991602000000001,
        0.009867902000000001,
        0.007913202000000001,
        0.0077500020000000015,
        0.008816102000000003,
        0.008912702000000002,
        0.008821202,
        0.009686902,
        0.007636302,
        0.008514502,
        0.008854902000000001,
        0.009365702,
        0.009033402,
        0.013033402000000003,
        0.010259902000000001,
        0.008955702,
        0.009663402000000001,
        0.010416302000000002,
        0.010499402000000001,
        0.010453302000000001,
        0.010426802000000002,
        0.012207402000000003,
        0.009437402000000001,
        0.009274302000000002,
        0.008401702,
        0.008644102,
        0.009286102000000001,
        0.008081102,
        0.007782402000000002,
        0.008836402,
        0.009281002
      ],
      "exit_codes": [
        0,
        0,
        0,
        0,
        0,
        0,
        0,
        0,
        0,
        0,
        0,
        0,
        0,
        0,
        0,
        0,
        0,
        0,
        0,
        0,
        0,
        0,
        0,
        0,
        0,
        0,
        0,
        0,
        0,
        0,
        0,
        0,
        0,
        0,
        0,
        0,
        0,
        0,
        0,
        0,
        0,
        0
      ]
    },
    {
      "command": "./fft_10_16",
      "mean": 0.00970804348780488,
      "stddev": 0.0007390650235403896,
      "median": 0.009657202,
      "user": 0.0008605253658536584,
      "system": 0.00009527560975609755,