{
  "results": [
    {
      "command": "./fft_base",
      "mean": 0.009787699333333334,
      "stddev": 0.0007775916385438657,
      "median": 0.009725906000000001,
      "user": 0.0006808473333333333,
      "system": 0.000021147333333333333,
      "min": 0.008475456,
      "max": 0.012685456000000001,
      "times": [
        0.009914656,
        0.009210256,
        0.009935556000000002,
        0.009614556,
        0.009302856000000002,
        0.009222156000000002,
        0.010287856000000001,
        0.010174156,
        0.009911356,
        0.008961256,
        0.008816356000000001,
        0.010852656000000002,
        0.010068556,
        0.009717156000000001,
        0.009659956,
        0.010160656,
        0.010213156000000001,
        0.009587556,
        0.010267356000000002,
        0.009565856000000001,
        0.010219556000000001,
        0.009402055999999999,
        0.010329056,
        0.012685456000000001,
        0.008475456,
        0.009304256,
        0.008561955999999999,
        0.010030656000000002,
        0.009443956,
        0.009734656000000001
      ],
      "exit_codes": [
        0,
        0,
        0,
        0,
        0,
        0,
        0,
        0,
        0,
        0,
        0,
        0,
        0,
        0,
        0,
        0,
        0,
        0,
        0,
        0,
        0,
        0,
        0,
        0,
        0,
        0,
        0,
        0,
        0,
        0
      ]
    },
    {
      "command": "./fft_15_2",
      "mean": 0.009318667764705885,
      "stddev": 0.0010429972421488586,
      "median": 0.009089456000000001,
      "user": 0.0005543364705882353,
      "system": 0.00011586823529411765,
      "min": 0.008042456,
      "max": 0.012079156,
      "times": [
        0.010125056,
        0.008830156000000002,
        0.008857555999999999,
        0.008118956,
        0.009245656000000001,
        0.010494156000000001,
        0.009598156,
        0.008088755999999999,
        0.011733156000000002,
        0.008532856000000002,
        0.009039956000000002,
        0.008165556000000001,
        0.010658655999999999,
        0.009399256000000002,
        0.008042456,
        0.009138956,
        0.008406956,
        0.008748656,
        0.011731756,
        0.012079156,
        0.008666156000000001,
        0.010079556,
        0.009366856,
        0.008946756,
        0.009229456,
        0.009333856000000001,
        0.008662056000000001,
        0.010015756,
        0.009507856000000002,
        0.009550056000000001,
        0.008553356000000002,
        0.008244056,
        0.008636755999999999,
        0.009006356
      ],
      "exit_codes": [
        0,
        0,
        0,
        0,
        0,
        0,
        0,
        0,
        0,
        0,
        0,
        0,
        0,
        0,
        0,
        0,
        0,
        0,
        0,
        0,
        0,
        0,
        0,
        0,
        0,
        0,
        0,
        0,
        0,
        0,
        0,
        0,
        0,
        0
      ]
    },
    {
      "command": "./fft_15_4",
      "mean": 0.009728567111111112,
      "stddev": 0.0013728669836259296,
      "median": 0.009652306000000001,
      "user": 0.0005898438888888888,
      "system": 0.00008789166666666666,
      "min": 0.0075047560000000004,
      "max": 0.013060256,
      "times": [
        0.010985756,
        0.009967656000000002,
        0.009605656,
        0.010377655999999999,
        0.010299756,
        0.010020256000000002,
        0.008513756,
        0.011145256,
        0.013060256,
        0.007631456000000001,
        0.009504855999999999,
        0.009782955999999999,
        0.009533356,
        0.008865956000000001,
        0.010863956000000001,
        0.011889856,
        0.008273056,
        0.009152256000000001,
        0.007746656,
        0.008556356000000001,
        0.007746256000000001,
        0.0075047560000000004,
        0.012422956000000002,
        0.007699256000000001,
        0.008165256,
        0.009660356000000002,
        0.010581656000000002,
        0.011146256,
        0.010051655999999999,
        0.009046356000000002,
        0.010077256,
        0.009878755999999999,
        0.011664656000000002,
        0.009644256,
        0.009568056000000002,
        0.009593956
      ],
      "exit_codes": [
        0,
        0,
        0,
        0,
        0,
        0,
        0,
        0,
        0,
        0,
        0,
        0,
        0,
        0,
        0,
        0,
        0,
        0,
        0,
        0,
        0,
        0,
        0,
        0,
        0,
        0,
        0,
        0,
        0,
        0,
        0,
        0,
        0,
        0,
        0,
        0
      ]
    },
    {
      "command": "./fft_15_8",
      "mean": 0.010128986555555558,
      "stddev": 0.0012339836414334664,
      "median": 0.010126356000000001,
      "user": 0.0005827605555555554,
      "system": 0.00008669722222222223,
      "min": 0.007823555999999999,
      "max": 0.012910156000000002,
      "times": [
        0.010925156000000002,
        0.008562456,
        0.011590556000000002,
        0.009608956000000002,
        0.012910156000000002,
        0.009721256000000001,
        0.008998156,
        0.009767256000000002,
        0.009856555999999999,
        0.008598456,
        0.011114256,
        0.011813756000000002,
        0.010096856000000001,
        0.010167756,
        0.008922756,
        0.010503156,
        0.008924155999999999,
        0.010266256000000001,
        0.007823555999999999,
        0.008297556000000001,
        0.010259556,
        0.009229556,
        0.011265956,
        0.012106456000000002,
        0.008147356000000001,
        0.009374656000000002,
        0.010293056000000002,
        0.012405256,
        0.010095656000000001,
        0.009335455999999999,
        0.010694855999999999,
        0.010155856000000001,
        0.009808956,
        0.010368956000000002,
        0.011972756000000001,
        0.010660156
      ],
      "exit_codes": [
        0,
        0,
        0,
        0,
        0,
        0,
        0,
        0,
        0,
        0,
        0,
        0,
        0,
        0,
        0,
        0,
        0,
        0,
        0,
        0,
        0,
        0,
        0,
        0,
        0,
        0,
        0,
        0,
        0,
        0,
        0,
        0,
        0,
        0,
        0,
        0
      ]
    },
    {
      "command": "./fft_15_16",
      "mean": 0.009884658885714284,
      "stddev": 0.0014604671720489417,
      "median": 0.009675256,
      "user": 0.0005869531428571428,
      "system": 0.00007019085714285714,
      "min": 0.007650256,
      "max": 0.013352156,
      "times": [
        0.008544455999999999,
        0.011167056000000002,
        0.013352156,
        0.011429256000000002,
        0.011025856,
        0.009675256,
        0.010060156,
        0.010242556,
        0.010348455999999999,
        0.012080756000000002,
        0.011099956000000001,
        0.009113956,
        0.009554956,
        0.010917956,
        0.010613256000000001,
        0.013250557,
        0.010693656,
        0.011266156,
        0.007931256000000001,
        0.008524256000000001,
        0.010175256,
        0.010301056,
        0.008472556,
        0.008341356000000001,
        0.011355956,
        0.008698655999999999,
        0.008203056,
        0.009366556000000002,
        0.008769056,
        0.008112456,
        0.007650256,
        0.009050955999999999,
        0.008649656000000002,
        0.008654356000000002,
        0.009269956
      ],