{
  "results": [
    {
      "command": "./stencil_base",
      "mean": 0.33047467810000003,
      "stddev": 0.01103596680286759,
      "median": 0.327312508,
      "user": 0.31368078,
      "system": 0.007135731999999999,
      "min": 0.321683158,
      "max": 0.359039659,
      "times": [
        0.32405805800000004,
        0.32271515800000006,
        0.326505358,
        0.359039659,
        0.33088185800000003,
        0.32811965800000004,
        0.33767715800000003,
        0.32852875800000003,
        0.321683158,
        0.325537958
      ],
      "exit_codes": [
        0,
        0,
        0,
        0,
        0,
        0,
        0,
        0,
        0,
        0
      ]
    },
    {
      "command": "./stencil_0_2",
      "mean": 0.3263688683,
      "stddev": 0.005208954040034675,
      "median": 0.3247355585,
      "user": 0.30794917999999993,
      "system": 0.009957631999999998,
      "min": 0.322317558,
      "max": 0.338837559,
      "times": [
        0.323913259,
        0.32553165900000003,
        0.338837559,
        0.322775858,
        0.32559265800000003,
        0.322317558,
        0.32273815800000005,
        0.33209695800000005,
        0.323939458,
        0.325945558
      ],
      "exit_codes": [
        0,
        0,
        0,
        0,
        0,
        0,
        0,
        0,
        0,
        0
      ]
    },
    {
      "command": "./stencil_0_4",
      "mean": 0.32788961910000014,
      "stddev": 0.00661746775525773,
      "median": 0.32553120900000004,
      "user": 0.31219238000000005,
      "system": 0.007189231999999999,
      "min": 0.32331445900000005,
      "max": 0.34343565900000006,
      "times": [
        0.32718125900000006,
        0.32529615900000003,
        0.32576625900000006,
        0.323903459,
        0.33614106000000005,
        0.32606325900000005,
        0.32331445900000005,
        0.32335805900000003,
        0.324436559,
        0.34343565900000006
      ],
      "exit_codes": [
        0,
        0,
        0,
        0,
        0,
        0,
        0,
        0,
        0,
        0
      ]
    },
    {
      "command": "./stencil_0_8",
      "mean": 0.32646831800000004,
      "stddev": 0.004873426443980541,
      "median": 0.325096308,
      "user": 0.31380258,
      "system": 0.004085615999999999,
      "min": 0.322031958,
      "max": 0.338946558,
      "times": [
        0.338946558,
        0.32371875800000005,
        0.327319558,
        0.32209865800000004,
        0.324847258,
        0.326993858,
        0.324937458,
        0.32525515800000004,
        0.328533958,
        0.322031958
      ],
      "exit_codes": [
        0,
        0,
        0,
        0,
        0,
        0,
        0,
        0,
        0,
        0
      ]
    },
    {
      "command": "./stencil_0_16",
      "mean": 0.32921218780000006,
      "stddev": 0.014909635284130572,
      "median": 0.32491440800000004,
      "user": 0.31356048,
      "system": 0.00588847,
      "min": 0.32174705800000003,
      "max": 0.37143105800000004,
      "times": [
        0.32723635700000003,
        0.32504245800000003,
        0.324369958,
        0.324053158,
        0.32174705800000003,
        0.325612457,
        0.325068658,
        0.37143105800000004,
        0.32478635800000005,
        0.32277435800000004
      ],
      "exit_codes": [
        0,
        0,
        0,
        0,
        0,
        0,
        0,
        0,
        0,
        0
      ]
    },
    {
      "command": "./stencil_0_32",
      "mean": 0.33126903719999995,
      "stddev": 0.01668779306674619,
      "median": 0.3255932575,
      "user": 0.31669707999999996,
      "system": 0.006033816,
      "min": 0.32142985700000004,
      "max": 0.37777325700000003,
      "times": [
        0.325392357,
        0.32569085700000006,
        0.32402085700000005,
        0.32142985700000004,
        0.334619657,
        0.37777325700000003,
        0.326647257,
        0.324547858,
        0.325495658,
        0.32707275700000005
      ],
      "exit_codes": [
        0,
        0,
        0,
        0,
        0,
        0,
        0,
        0,
        0,
        0
      ]
    },
    {
      "command": "./stencil_0_64",
      "mean": 0.33268074850000007,
      "stddev": 0.020848740291188668,
      "median": 0.32703305850000003,
      "user": 0.31358547999999997,
      "system": 0.01003357,
      "min": 0.32027925900000004,
      "max": 0.39108275800000003,
      "times": [
        0.321481159,
        0.32564095800000004,
        0.32027925900000004,
        0.32852905800000004,
        0.324326759,
        0.32552005800000006,
        0.328425159,
        0.39108275800000003,
        0.328679359,
        0.332842958
      ],
      "exit_codes": [
        0,
        0,
        0,
        0,
        0,
        0,
        0,
        0,
        0,
        0
      ]
    }
  ]
}
