{
  "results": [
    {
      "command": "./stencil_base",
      "mean": 0.32580184325999995,
      "stddev": 0.003347866725418541,
      "median": 0.32531402346,
      "user": 0.30760551999999997,
      "system": 0.01080648,
      "min": 0.32215092296,
      "max": 0.33443342396,
      "times": [
        0.32215092296,
        0.32559932296,
        0.32698452296,
        0.32573562396,
        0.32347832296,
        0.33443342396,
        0.32615572296,
        0.32372212295999997,
        0.32502872396,
        0.32472972296
      ],
      "exit_codes": [
        0,
        0,
        0,
        0,
        0,
        0,
        0,
        0,
        0,
        0
      ]
    },
    {
      "command": "./stencil_1_2",
      "mean": 0.31900994305999997,
      "stddev": 0.005935675857342619,
      "median": 0.31729557296,
      "user": 0.29939092,
      "system": 0.011021369999999999,
      "min": 0.31348272296,
      "max": 0.33138812296,
      "times": [
        0.31489742396,
        0.31767722296,
        0.33138812296,
        0.31523962296,
        0.31782132296,
        0.31348272296,
        0.31847882296,
        0.31596702296,
        0.32823322296,
        0.31691392296
      ],
      "exit_codes": [
        0,
        0,
        0,
        0,
        0,
        0,
        0,
        0,
        0,
        0
      ]
    },
    {
      "command": "./stencil_1_4",
      "mean": 0.31521781286,
      "stddev": 0.004451489017850355,
      "median": 0.31408952296,
      "user": 0.3011406199999999,
      "system": 0.006889659999999999,
      "min": 0.31173832296,
      "max": 0.32643672296,
      "times": [
        0.31200012196,
        0.31250842296,
        0.31701472296,
        0.31173832296,
        0.31735772296,
        0.32643672296,
        0.31486522295999997,
        0.31505582296,
        0.31188722296,
        0.31331382296
      ],
      "exit_codes": [
        0,
        0,
        0,
        0,
        0,
        0,
        0,
        0,
        0,
        0
      ]
    },
    {
      "command": "./stencil_1_8",
      "mean": 0.31530367255999997,
      "stddev": 0.005744392313753587,
      "median": 0.31321222246,
      "user": 0.2943359199999999,
      "system": 0.01382708,
      "min": 0.30791042296,
      "max": 0.32649732196,
      "times": [
        0.31120012296,
        0.31186922196,
        0.32374152295999997,
        0.30791042296,
        0.31572842196,
        0.31340662296,
        0.31286482296,
        0.31301782196,
        0.32649732196,
        0.31680042296
      ],
      "exit_codes": [
        0,
        0,
        0,
        0,
        0,
        0,
        0,
        0,
        0,
        0
      ]
    },
    {
      "command": "./stencil_1_16",
      "mean": 0.31481648256,
      "stddev": 0.005692152713098219,
      "median": 0.31197127246,
      "user": 0.29501611999999994,
      "system": 0.012029980000000001,
      "min": 0.31016912296,
      "max": 0.32538012296,
      "times": [
        0.32538012296,
        0.31035142296,
        0.31151172196,
        0.31249262296,
        0.31234322296,
        0.31159932196,
        0.32338472196,
        0.31016912296,
        0.31150192296,
        0.31943062196
      ],
      "exit_codes": [
        0,
        0,
        0,
        0,
        0,
        0,
        0,
        0,
        0,
        0
      ]
    },
    {
      "command": "./stencil_1_32",
      "mean": 0.31371300216,
      "stddev": 0.006608934855023338,
      "median": 0.31132472196,
      "user": 0.29680651999999996,
      "system": 0.008991349999999999,
      "min": 0.30835952196,
      "max": 0.32821952196,
      "times": [
        0.30854442296,
        0.30905552195999997,
        0.31239672196,
        0.31060472196,
        0.32821952196,
        0.31452432296,
        0.30835952196,
        0.31135842196,
        0.31129102195999997,
        0.32277582196
      ],
      "exit_codes": [
        0,
        0,
        0,
        0,
        0,
        0,
        0,
        0,
        0,
        0
      ]
    },
    {
      "command": "./stencil_1_64",
      "mean": 0.31514832255999997,
      "stddev": 0.006116516677872243,
      "median": 0.31231922246,
      "user": 0.30063902000000003,
      "system": 0.006881870000000001,
      "min": 0.31030392296,
      "max": 0.32641452296,
      "times": [
        0.32601512296,
        0.31108162295999997,
        0.31195222196,
        0.31030392296,
        0.31125662296,
        0.31572442196,
        0.32641452296,
        0.31535962196,
        0.31068892196,
        0.31268622296
      ],
      "exit_codes": [
        0,
        0,
        0,
        0,
        0,
        0,
        0,
        0,
        0,
        0
      ]
    }
  ]
}
