{
  "results": [
    {
      "command": "./reduction_no",
      "mean": 0.009198567843448276,
      "stddev": 0.0018830750408777692,
      "median": 0.00870113774,
      "user": 0.001518664827586207,
      "system": 0.0006215503448275862,
      "min": 0.00725899774,
      "max": 0.015532124740000002,
      "times": [
        0.00994217074,
        0.00914724874,
        0.00725899774,
        0.008949843740000001,
        0.00870113774,
        0.00750830374,
        0.00745520274,
        0.00789991474,
        0.00819012274,
        0.00925765274,
        0.01439319274,
        0.009609762740000001,
        0.009360154740000001,
        0.010080774740000001,
        0.007483203740000001,
        0.00834812674,
        0.00783271274,
        0.00856123374,
        0.00810812074,
        0.008164021740000001,
        0.00760410674,
        0.010717191740000001,
        0.00970356474,
        0.015532124740000002,
        0.00907454674,
        0.010877496740000001,
        0.010050674740000001,
        0.00828202574,
        0.00866483574
      ],
      "exit_codes": [
        0,
        0,
        0,
        0,
        0,
        0,
        0,
        0,
        0,
        0,
        0,
        0,
        0,
        0,
        0,
        0,
        0,
        0,
        0,
        0,
        0,
        0,
        0,
        0,
        0,
        0,
        0,
        0,
        0
      ]
    },
    {
      "command": "./reduction_auto",
      "mean": 0.008051480127096774,
      "stddev": 0.0006478961879250243,
      "median": 0.00798800274,
      "user": 0.0016044490322580643,
      "system": 0.00035192387096774186,
      "min": 0.00699059774,
      "max": 0.00939940974,
      "times": [
        0.00817000274,
        0.007253198740000001,
        0.00839600474,
        0.00757890074,
        0.0071869987400000005,
        0.008900806740000001,
        0.008357803740000001,
        0.00872820574,
        0.00830790374,
        0.007514299740000001,
        0.00777950174,
        0.00839380374,
        0.00852410474,
        0.00756190074,
        0.00919700874,
        0.0072835997400000005,
        0.00798800274,
        0.00772990174,
        0.00813460274,
        0.00728859974,
        0.00844670474,
        0.007233398740000001,
        0.00785270174,
        0.00875240574,
        0.007748200740000001,
        0.00939940974,
        0.00785720174,
        0.0075759997400000004,
        0.00828950374,
        0.00917460774,
        0.00699059774
      ],
      "exit_codes": [
        0,
        0,
        0,
        0,
        0,
        0,
        0,
        0,
        0,
        0,
        0,
        0,
        0,
        0,
        0,
        0,
        0,
        0,
        0,
        0,
        0,
        0,
        0,
        0,
        0,
        0,
        0,
        0,
        0,
        0,
        0
      ]
    },
    {
      "command": "./reduction_manual",
      "mean": 0.008444104047692306,
      "stddev": 0.0011840194463495868,
      "median": 0.008190106740000001,
      "user": 0.0013885892307692305,
      "system": 0.0006018446153846154,
      "min": 0.00690830274,
      "max": 0.01170852074,
      "times": [
        0.00902060774,
        0.00846670474,
        0.00826030374,
        0.00850650474,
        0.00805170274,
        0.0073019997400000005,
        0.01170852074,
        0.00982621074,
        0.00788670174,
        0.00824600374,
        0.007105098740000001,
        0.00719179874,
        0.00963751074,
        0.00690830274,
        0.00829511074,
        0.00834231074,
        0.00841721074,
        0.007592306740000001,
        0.008131808740000001,
        0.009442116740000001,
        0.01158662874,
        0.00813420974,
        0.00798300774,
        0.00778620774,
        0.007815907740000001,
        0.00790190774
      ],
      "exit_codes": [
        0,
        0,
        0,
        0,
        0,
        0,
        0,
        0,
        0,
        0,
        0,
        0,
        0,
        0,
        0,
        0,
        0,
        0,
        0,
        0,
        0,
        0,
        0,
        0,
        0,
        0
      ]
    },
    {
      "command": "./reduction_2",
      "mean": 0.008248574578709679,
      "stddev": 0.0010918840944002589,
      "median": 0.00808070974,
      "user": 0.0016883845161290321,
      "system": 0.0003086793548387097,
      "min": 0.007033403740000001,
      "max": 0.013547638740000001,
      "times": [
        0.00808070974,
        0.00872611274,
        0.008450910740000001,
        0.00795350874,
        0.00788180774,
        0.00833541074,
        0.013547638740000001,
        0.0077333077400000005,
        0.00824700974,
        0.0076478067400000006,
        0.007033403740000001,
        0.00721430474,
        0.00850421074,
        0.00783060774,
        0.00806620874,
        0.007674606740000001,
        0.00815730974,
        0.00855461174,
        0.00763620674,
        0.00832670974,
        0.008001308740000001,
        0.00872041274,
        0.007379204740000001,
        0.007940808740000001,
        0.007289504740000001,
        0.008578811740000001,
        0.00818530974,
        0.00800520874,
        0.00842331174,
        0.00861851274,
        0.00896101374
      ],
      "exit_codes": [
        0,
        0,
        0,
        0,
        0,
        0,
        0,
        0,
        0,
        0,
        0,
        0,
        0,
        0,
        0,
        0,
        0,
        0,
        0,
        0,
        0,
        0,
        0,
        0,
        0,
        0,
        0,
        0,
        0,
        0,
        0
      ]
    },
    {
      "command": "./reduction_4",
      "mean": 0.008512857973333333,
      "stddev": 0.0007520874638278533,
      "median": 0.008471661240000001,
      "user": 0.0017084533333333331,
      "system": 0.00029058266666666664,
      "min": 0.007444805740000001,
      "max": 0.010779223740000001,
      "times": [
        0.00794170774,
        0.00842591074,
        0.00890151274,
        0.007968008740000001,
        0.00756170674,
        0.00840871074,
        0.00769310674,
        0.00789340774,
        0.009181114740000001,
        0.008517411740000001,
        0.007479305740000001,
        0.008704711740000001,
        0.00925511574,
        0.00809110874,
        0.007444805740000001,
        0.009530916740000001,
        0.00875061274,
        0.008810213740000001,
        0.010779223740000001,
        0.00775690674,
        0.00871121274,
        0.00905571374,
        0.00825670974,
        0.00940441574,
        0.00819050974,
        0.00902311374,
        0.00811240974,
        0.007510805740000001,
        0.008770612740000001,
        0.00925471574
      ],
      "exit_codes": [
        0,
        0,
        0,
        0,
        0,
        0,
        0,
        0,
        0,
        0,
        0,
        0,
        0,
        0,
        0,
        0,
        0,
        0,
        0,
        0,
        0,
        0,
        0,
        0,
        0,
        0,
        0,
        0,
        0,
        0
      ]
    },
    {
      "command": "./reduction_8",
      "mean": 0.008456119906666667,
      "stddev": 0.0011553620437161703,
      "median": 0.00806964724,
      "user": 0.0015629533333333333,
      "system": 0.0004342933333333333,
      "min": 0.007325582740000001,
      "max": 0.01234399674,