{
  "results": [
    {
      "command": "./fft_no",
      "mean": 0.00909944537860465,
      "stddev": 0.0013680927896998702,
      "median": 0.009025205960000001,
      "user": 0.0010876944186046513,
      "system": 0.00019231441860465118,
      "min": 0.006386633960000001,
      "max": 0.012253231960000001,
      "times": [
        0.010660787960000001,
        0.009944695960000001,
        0.00899120596,
        0.008989005960000001,
        0.00945020096,
        0.00851671096,
        0.010090894960000001,
        0.009774296960000001,
        0.00997329496,
        0.009213103960000002,
        0.00876040896,
        0.01054778896,
        0.008640208960000001,
        0.01056708896,
        0.00767701996,
        0.00714872496,
        0.008980205960000001,
        0.009424900960000001,
        0.009025205960000001,
        0.01106168396,
        0.01186757496,
        0.007928417960000001,
        0.00742282296,
        0.00878880796,
        0.00919490396,
        0.008470511960000001,
        0.00951419996,
        0.00875640796,
        0.009610298960000001,
        0.006413633960000001,
        0.006386633960000001,
        0.006516332960000001,
        0.008826707960000001,
        0.00978499696,
        0.00653873196,
        0.00920660396,
        0.00857600996,
        0.008837006960000001,
        0.009791296960000001,
        0.011543078960000001,
        0.009127003960000001,
        0.008483497960000001,
        0.012253231960000001
      ],
      "exit_codes": [
        0,
        0,
        0,
        0,
        0,
        0,
        0,
        0,
        0,
        0,
        0,
        0,
        0,
        0,
        0,
        0,
        0,
        0,
        0,
        0,
        0,
        0,
        0,
        0,
        0,
        0,
        0,
        0,
        0,
        0,
        0,
        0,
        0,
        0,
        0,
        0,
        0,
        0,
        0,
        0,
        0,
        0,
        0
      ]
    },
    {
      "command": "./fft_auto",
      "mean": 0.009024998315555557,
      "stddev": 0.0008139415314558744,
      "median": 0.008964402960000001,
      "user": 0.0011023755555555554,
      "system": 0.0001499324444444444,
      "min": 0.007124528960000001,
      "max": 0.01059501696,
      "times": [
        0.010351614960000002,
        0.00832969696,
        0.008160894960000002,
        0.01002231196,
        0.009142803960000001,
        0.00915800496,
        0.008891201960000001,
        0.00966270896,
        0.01059501696,
        0.00945170696,
        0.009250704960000002,
        0.01044881496,
        0.00847419796,
        0.008527198960000001,
        0.01006121196,
        0.0075636899600000015,
        0.00906310396,
        0.00871030096,
        0.008721299960000001,
        0.009921410960000002,
        0.00903880296,
        0.01052441596,
        0.008909301960000001,
        0.00915990396,
        0.008964402960000001,
        0.008649999960000002,
        0.00772649196,
        0.009126703960000001,
        0.00933030596,
        0.00811849496,
        0.008347522960000001,
        0.00836502096,
        0.008428709960000001,
        0.008406812960000001,
        0.01014942096,
        0.008862336960000002,
        0.009562319960000001,
        0.007124528960000001,
        0.007724627960000001,
        0.00870976296,
        0.009921259960000001,
        0.009342056960000001,
        0.00879134896,
        0.00970449496,
        0.00862797696
      ],
      "exit_codes": [
        0,
        0,
        0,
        0,
        0,
        0,
        0,
        0,
        0,
        0,
        0,
        0,
        0,
        0,
        0,
        0,
        0,
        0,
        0,
        0,
        0,
        0,
        0,
        0,
        0,
        0,
        0,
        0,
        0,
        0,
        0,
        0,
        0,
        0,
        0,
        0,
        0,
        0,
        0,
        0,
        0,
        0,
        0,
        0,
        0
      ]
    },
    {
      "command": "./fft_2",
      "mean": 0.013256438221904764,
      "stddev": 0.0014293516176471894,
      "median": 0.01314526446,
      "user": 0.0015609247619047621,
      "system": 0.00029439999999999995,
      "min": 0.01043571396,
      "max": 0.01651421396,
      "times": [
        0.011987114960000001,
        0.011939613960000001,
        0.012316914960000001,
        0.013068213960000002,
        0.013691913960000001,
        0.015316314960000002,
        0.01317441396,
        0.013769013960000001,
        0.013525614960000001,
        0.014529014960000001,
        0.01508951396,
        0.012642914960000001,
        0.01065271396,
        0.011886413960000002,
        0.014728814960000001,
        0.01290311396,
        0.01388361496,
        0.012484913960000002,
        0.012421613960000001,
        0.013099514960000001,
        0.012404113960000001,
        0.01165141496,
        0.013624213960000001,
        0.015396314960000003,
        0.01043571396,
        0.012600613960000001,
        0.01444261496,
        0.01386671396,
        0.01281181496,
        0.01132951396,
        0.013019114960000001,
        0.01449211396,
        0.013148313960000001,
        0.01314221496,
        0.010549813960000001,
        0.01513781496,
        0.01382461396,
        0.01646071496,
        0.013342814960000001,
        0.012293913960000001,
        0.013170414960000001,
        0.01651421396
      ],
      "exit_codes": [
        0,
        0,
        0,
        0,
        0,
        0,
        0,
        0,
        0,
        0,
        0,
        0,
        0,
        0,
        0,
        0,
        0,
        0,
        0,
        0,
        0,
        0,
        0,
        0,
        0,
        0,
        0,
        0,
        0,
        0,
        0,
        0,
        0,
        0,
        0,
        0,
        0,
        0,
        0,
        0,
        0,
        0
      ]
    },
    {
      "command": "./fft_4",
      "mean": 0.014518526169302328,
      "stddev": 0.00176054843094563,
      "median": 0.014342314960000001,
      "user": 0.0015652525581395344,
      "system": 0.00047544000000000004,
      "min": 0.01166741496,
      "max": 0.01909311496,
      "times": [
        0.013243613960000001,
        0.014446514960000002,
        0.013329713960000001,
        0.014445013960000001,
        0.01909311496,
        0.01388601396,
        0.013465114960000002,
        0.013502313960000002,
        0.01166741496,
        0.014342314960000001,
        0.01596451396,
        0.01902791496,
        0.011889814960000002,
        0.013049513960000002,
        0.013350714960000001,
        0.01266731396,
        0.015057614960000002,
        0.014823413960000002,
        0.01491311496,
        0.014156614960000001,
        0.01650371396,
        0.01386171496,
        0.017671713959999998,
        0.013385413960000002,
        0.01669231496,
        0.01219171496,
        0.013014313960000001,
        0.01722381396,
        0.01657331496,
        0.011902714960000001,
        0.014271113960000002,
        0.01532771496,
        0.015155014960000003,
        0.01188921396,
        0.01564541496,
        0.014847314960000002,
        0.01574121496,
        0.014916813960000002,
        0.01418011496,
        0.01445401496,
        0.013956213960000002,
        0.014810914960000003,
        0.01375911496
      ],
      "exit_codes": [
        0,
        0,
        0,
        0,
        0,
        0,
        0,
        0,
        0,
        0,
        0,
        0,
        0,
        0,
        0,
        0,
        0,
        0,
        0,
        0,
        0,
        0,
        0,
        0,
        0,
        0,
        0,
        0,
        0,
        0,
        0,
        0,
        0,
        0,
        0,
        0,
        0,
        0,
        0,
        0,
        0,
        0,
        0
      ]
    },
    {
      "command": "./fft_8",
      "mean": 0.017709364645714282,