{
  "results": [
    {
      "command": "./pp_scan_base",
      "mean": 0.27819080742,
      "stddev": 0.022662101696529793,
      "median": 0.27187774802000003,
      "user": 0.26826331999999997,
      "system": 0.001986624,
      "min": 0.26774829802000005,
      "max": 0.34249559602000007,
      "times": [
        0.27262039802000004,
        0.26774829802000005,
        0.34249559602000007,
        0.27165699802000004,
        0.27209849802,
        0.26991689702000005,
        0.27296109702000004,
        0.27266749802000007,
        0.26877369702000004,
        0.27096909702000005
      ],
      "exit_codes": [
        0,
        0,
        0,
        0,
        0,
        0,
        0,
        0,
        0,
        0
      ]
    },
    {
      "command": "./pp_scan_1_2",
      "mean": 0.27249002842000003,
      "stddev": 0.001641329620106896,
      "median": 0.27267839852000003,
      "user": 0.25938922,
      "system": 0.004053047999999999,
      "min": 0.26902919802,
      "max": 0.27498029802,
      "times": [
        0.27225849802,
        0.27309829902000005,
        0.27316139902000003,
        0.27177879802000005,
        0.27116169802000006,
        0.27216389802,
        0.27498029802,
        0.27394879902,
        0.26902919802,
        0.27331939902
      ],
      "exit_codes": [
        0,
        0,
        0,
        0,
        0,
        0,
        0,
        0,
        0,
        0
      ]
    },
    {
      "command": "./pp_scan_1_4",
      "mean": 0.27058517822000006,
      "stddev": 0.0019673890313611567,
      "median": 0.27050874852000006,
      "user": 0.25600291999999997,
      "system": 0.006035872,
      "min": 0.26749239802,
      "max": 0.27458539802000004,
      "times": [
        0.27131379802000005,
        0.27128679802000005,
        0.27058669902000004,
        0.26864889902000005,
        0.27458539802000004,
        0.26937559802000005,
        0.27219429802000006,
        0.27043079802000003,
        0.26993709802000004,
        0.26749239802
      ],
      "exit_codes": [
        0,
        0,
        0,
        0,
        0,
        0,
        0,
        0,
        0,
        0
      ]
    },
    {
      "command": "./pp_scan_1_8",
      "mean": 0.27465791012000007,
      "stddev": 0.013427826196314139,
      "median": 0.27107365052000004,
      "user": 0.26026411999999993,
      "system": 0.004236986,
      "min": 0.26609530002000004,
      "max": 0.31186490002000006,
      "times": [
        0.27485520002,
        0.26662800002000003,
        0.27158630102000003,
        0.26609530002000004,
        0.26743190002000006,
        0.27056100002000005,
        0.27250810002000003,
        0.27047480002,
        0.27457360002000003,
        0.31186490002000006
      ],
      "exit_codes": [
        0,
        0,
        0,
        0,
        0,
        0,
        0,
        0,
        0,
        0
      ]
    },
    {
      "command": "./pp_scan_1_16",
      "mean": 0.27261399152000004,
      "stddev": 0.003471494771639802,
      "median": 0.27183560152,
      "user": 0.25540342,
      "system": 0.007857572,
      "min": 0.27022330202000006,
      "max": 0.28195780202000004,
      "times": [
        0.28195780202000004,
        0.27028400102000005,
        0.27200530102000003,
        0.27405800202,
        0.27022330202000006,
        0.27101280102,
        0.27171310102,
        0.27072110202000005,
        0.27195810202000004,
        0.27220640102000004
      ],
      "exit_codes": [
        0,
        0,
        0,
        0,
        0,
        0,
        0,
        0,
        0,
        0
      ]
    },
    {
      "command": "./pp_scan_1_32",
      "mean": 0.27349038172,
      "stddev": 0.004175152402001918,
      "median": 0.27217410202000003,
      "user": 0.25756352000000005,
      "system": 0.005928647999999999,
      "min": 0.26854450102000005,
      "max": 0.28307540202000003,
      "times": [
        0.28307540202000003,
        0.27133840202000004,
        0.27300980202,
        0.27066790102000005,
        0.27478050202000004,
        0.27123300202000006,
        0.26854450102000005,
        0.27072710202000005,
        0.27698700102,
        0.27454020202
      ],
      "exit_codes": [
        0,
        0,
        0,
        0,
        0,
        0,
        0,
        0,
        0,
        0
      ]
    },
    {
      "command": "./pp_scan_1_64",
      "mean": 0.27355737071999997,
      "stddev": 0.004445000017670586,
      "median": 0.27228465002,
      "user": 0.26248471999999995,
      "system": 0.002011624,
      "min": 0.26796020102000007,
      "max": 0.28298330102,
      "times": [
        0.27149860202000003,
        0.27391480102000004,
        0.27221360002000006,
        0.27114310002,
        0.27238170102000003,
        0.28298330102,
        0.27139080102,
        0.27973190002000003,
        0.27235570002000004,
        0.26796020102000007
      ],
      "exit_codes": [
        0,
        0,
        0,
        0,
        0,
        0,
        0,
        0,
        0,
        0
      ]
    }
  ]
}
