command,mean,stddev,median,user,system,min,max
./ss_sort_no,0.009168953053333333,0.0014278351349610004,0.00892108312,0.0017556600000000005,0.00021610666666666665,0.007445500120000001,0.014386834119999999
./ss_sort_auto,0.00833070186074074,0.0006888910433917907,0.00823753212,0.0016173155555555556,0.0003083718518518518,0.00744410112,0.01026481012
./ss_sort_manual,0.009618146773846155,0.0015006588589917952,0.00911526612,0.0018849138461538464,0.00027923846153846154,0.00788210912,0.014808088120000002
./ss_sort_2,0.0086187116,0.0010511348368755676,0.00861641412,0.0016140800000000002,0.000258608,0.007355282120000002,0.01177903112
./ss_sort_4,0.013079426490370371,0.0012197443034224005,0.01274072112,0.002141056296296296,0.0005173970370370369,0.01104997712,0.015994405120000003
./ss_sort_8,0.013514848548571429,0.0011971310302754056,0.01325293412,0.002134652857142857,0.0004920614285714285,0.01133418512,0.016813526120000002
./ss_sort_16,0.015252585206956522,0.00230728923875839,0.01488663412,0.002551238260869565,0.0005399947826086956,0.01211855412,0.02060361612
./ss_sort_32,0.015008682960000002,0.00125524826260929,0.01523743812,0.00241428,0.0005600751999999999,0.01223900412,0.016853455120000003
./ss_sort_64,0.015348226203333334,0.0016824004871819815,0.01508643562,0.0025821766666666666,0.0004661266666666666,0.01214400312,0.019227581120000004
