{
  "results": [
    {
      "command": "./ss_sort_no",
      "mean": 0.009168953053333333,
      "stddev": 0.0014278351349610004,
      "median": 0.00892108312,
      "user": 0.0017556600000000005,
      "system": 0.00021610666666666665,
      "min": 0.007445500120000001,
      "max": 0.014386834119999999,
      "times": [
        0.00969791012,
        0.00834980412,
        0.00828020312,
        0.00813410312,
        0.00859730412,
        0.009118507120000001,
        0.01165142012,
        0.00887010612,
        0.00878070512,
        0.00848960412,
        0.00913170712,
        0.014386834119999999,
        0.010403414120000001,
        0.007577305120000002,
        0.00904726312,
        0.00897206012,
        0.00907876412,
        0.00967658712,
        0.00995569812,
        0.01059762412,
        0.00998179912,
        0.00849074212,
        0.00871405012,
        0.01084733412,
        0.00951798112,
        0.00821513112,
        0.007445500120000001,
        0.00765340912,
        0.00793841912,
        0.007467301120000001
      ],
      "exit_codes": [
        0,
        0,
        0,
        0,
        0,
        0,
        0,
        0,
        0,
        0,
        0,
        0,
        0,
        0,
        0,
        0,
        0,
        0,
        0,
        0,
        0,
        0,
        0,
        0,
        0,
        0,
        0,
        0,
        0,
        0
      ]
    },
    {
      "command": "./ss_sort_auto",
      "mean": 0.00833070186074074,
      "stddev": 0.0006888910433917907,
      "median": 0.00823753212,
      "user": 0.0016173155555555556,
      "system": 0.0003083718518518518,
      "min": 0.00744410112,
      "max": 0.01026481012,
      "times": [
        0.00857734512,
        0.00882825412,
        0.00837463712,
        0.00769881112,
        0.00878585312,
        0.00856354412,
        0.00897296112,
        0.00816082812,
        0.00832563512,
        0.00786641712,
        0.00764610912,
        0.01003320212,
        0.00861094612,
        0.00792951912,
        0.00782801512,
        0.00823753212,
        0.0076633091200000005,
        0.00903136212,
        0.007696110120000001,
        0.00744410112,
        0.007565205120000001,
        0.00792691912,
        0.00830513412,
        0.00816312812,
        0.00850814212,
        0.00792111912,
        0.01026481012
      ],
      "exit_codes": [
        0,
        0,
        0,
        0,
        0,
        0,
        0,
        0,
        0,
        0,
        0,
        0,
        0,
        0,
        0,
        0,
        0,
        0,
        0,
        0,
        0,
        0,
        0,
        0,
        0,
        0,
        0
      ]
    },
    {
      "command": "./ss_sort_manual",
      "mean": 0.009618146773846155,
      "stddev": 0.0015006588589917952,
      "median": 0.00911526612,
      "user": 0.0018849138461538464,
      "system": 0.00027923846153846154,
      "min": 0.00788210912,
      "max": 0.014808088120000002,
      "times": [
        0.012051780120000001,
        0.00829393412,
        0.00886785612,
        0.01095343812,
        0.01158636212,
        0.014808088120000002,
        0.01078033112,
        0.00864603312,
        0.00886211512,
        0.00873031412,
        0.00851081312,
        0.00788210912,
        0.00911561612,
        0.00860911312,
        0.00925261712,
        0.00875651412,
        0.01027672312,
        0.00872161412,
        0.010343623120000001,
        0.01050532412,
        0.00946351812,
        0.00882871412,
        0.00827861212,
        0.00963761912,
        0.00919411712,
        0.00911491612
      ],
      "exit_codes": [
        0,
        0,
        0,
        0,
        0,
        0,
        0,
        0,
        0,
        0,
        0,
        0,
        0,
        0,
        0,
        0,
        0,
        0,
        0,
        0,
        0,
        0,
        0,
        0,
        0,
        0
      ]
    },
    {
      "command": "./ss_sort_2",
      "mean": 0.0086187116,
      "stddev": 0.0010511348368755676,
      "median": 0.00861641412,
      "user": 0.0016140800000000002,
      "system": 0.000258608,
      "min": 0.007355282120000002,
      "max": 0.01177903112,
      "times": [
        0.00972311912,
        0.01177903112,
        0.00934191712,
        0.00773880812,
        0.00862821312,
        0.00834091112,
        0.00873921412,
        0.00895411512,
        0.00882711512,
        0.00891121512,
        0.00738440612,
        0.00791270912,
        0.00808210112,
        0.00861641412,
        0.00947913712,
        0.00805479912,
        0.00739078312,
        0.007413083120000001,
        0.00906062612,
        0.007647689120000001,
        0.00813560212,
        0.007355282120000002,
        0.00995804912,
        0.00792379712,
        0.01006965212
      ],
      "exit_codes": [
        0,
        0,
        0,
        0,
        0,
        0,
        0,
        0,
        0,
        0,
        0,
        0,
        0,
        0,
        0,
        0,
        0,
        0,
        0,
        0,
        0,
        0,
        0,
        0,
        0
      ]
    },
    {
      "command": "./ss_sort_4",
      "mean": 0.013079426490370371,
      "stddev": 0.0012197443034224005,
      "median": 0.01274072112,
      "user": 0.002141056296296296,
      "system": 0.0005173970370370369,
      "min": 0.01104997712,
      "max": 0.015994405120000003,
      "times": [
        0.013335837120000001,
        0.01215360612,
        0.01284752412,
        0.01211500512,
        0.01251351612,
        0.013468740120000001,
        0.01569549812,
        0.01274072112,
        0.01242121312,
        0.01388575112,
        0.013936252120000001,
        0.01468187212,
        0.01104997712,
        0.01394945312,
        0.01455426812,
        0.01176129612,
        0.01216570612,
        0.01341553912,
        0.013958053120000001,
        0.015994405120000003,
        0.01364644512,
        0.01238411212,
        0.011746296120000001,
        0.01205510312,
        0.01196880212,
        0.012238608120000001,
        0.01246091412
      ],
      "exit_codes": [
        0,
        0,
        0,
        0,
        0,
        0,
        0,
        0,
        0,
        0,
        0,
        0,
        0,
        0,
        0,
        0,
        0,
        0,
        0,
        0,
        0,
        0,
        0,
        0,
        0,
        0,
        0
      ]
    },
    {
      "command": "./ss_sort_8",
      "mean": 0.013514848548571429,
      "stddev": 0.0011971310302754056,
      "median": 0.01325293412,
      "user": 0.002134652857142857,
      "system": 0.0004920614285714285,
      "min": 0.01133418512,
      "max": 0.016813526120000002,
      "times": [
        0.01354124212,
        0.01517338412,
        0.014103157120000001,
        0.01251061512,
        0.014245660120000002,
        0.01280792312,
        0.01289022512,
        0.01309233112,
        0.01257271712,
        0.01212820512,
        0.01333903612,
        0.013622944120000001,
        0.01568219812,
        0.01310873112,
        0.01404145512,
        0.01339203812,
        0.01275102212,
        0.012418413120000001,
        0.01133418512,
        0.013166832120000001,
        0.01299002812,
        0.01192780012,
        0.013145532120000001,
        0.01429936212,
        0.01422916012,
        0.016813526120000002,
        0.01533778812,
        0.01375024712
      ],
      "exit_codes": [
        0,
        0,
        0,
        0,
        0,
        0,
        0,
        0,
        0,
        0,
        0,
        0,
        0,
        0,
        0,
        0,
        0,
        0,
        0,
        0,
        0,
        0,
        0,
        0,
        0,
        0,
        0,
        0
      ]
    },
    {
      "command": "./ss_sort_16",
      "mean": 0.015252585206956522,
      "stddev": 0.00230728923875839,
      "median": 0.01488663412,
      "user": 0.002551238260869565,