{
  "results": [
    {
      "command": "./bb_gemm_base",
      "mean": 0.2026572067,
      "stddev": 0.0019295882840930382,
      "median": 0.20331297700000003,
      "user": 0.19409643999999998,
      "system": 0.0009809439999999999,
      "min": 0.19974247700000003,
      "max": 0.205037076,
      "times": [
        0.20133277700000002,
        0.20372407700000003,
        0.205037076,
        0.20044597700000003,
        0.19974247700000003,
        0.20290187700000004,
        0.20427707700000003,
        0.20066317600000003,
        0.20423437600000002,
        0.20421317700000002
      ],
      "exit_codes": [
        0,
        0,
        0,
        0,
        0,
        0,
        0,
        0,
        0,
        0
      ]
    },
    {
      "command": "./bb_gemm_2_2",
      "mean": 0.17655329641666673,
      "stddev": 0.006649757952111646,
      "median": 0.17352293100000002,
      "user": 0.16588800666666664,
      "system": 0.0025965633333333332,
      "min": 0.17219908000000003,
      "max": 0.19434748000000002,
      "times": [
        0.17289397700000003,
        0.18546677700000003,
        0.17712297800000001,
        0.17567158100000002,
        0.17408858100000002,
        0.17356918100000002,
        0.17311618,
        0.17342388000000003,
        0.17326318100000002,
        0.17347668100000002,
        0.17219908000000003,
        0.19434748000000002
      ],
      "exit_codes": [
        0,
        0,
        0,
        0,
        0,
        0,
        0,
        0,
        0,
        0,
        0,
        0
      ]
    },
    {
      "command": "./bb_gemm_2_4",
      "mean": 0.16020048046153848,
      "stddev": 0.003226751839120411,
      "median": 0.159763381,
      "user": 0.15095503230769228,
      "system": 0.001494452307692308,
      "min": 0.15583918100000002,
      "max": 0.16639518000000003,
      "times": [
        0.15806288000000002,
        0.16295038100000003,
        0.15998888100000003,
        0.16639518000000003,
        0.15598688000000002,
        0.15583918100000002,
        0.16438888000000001,
        0.16110878,
        0.159763381,
        0.16299768100000003,
        0.15927998000000002,
        0.15787318000000003,
        0.157970981
      ],
      "exit_codes": [
        0,
        0,
        0,
        0,
        0,
        0,
        0,
        0,
        0,
        0,
        0,
        0,
        0
      ]
    },
    {
      "command": "./bb_gemm_2_8",
      "mean": 0.155916583,
      "stddev": 0.0019297083081506023,
      "median": 0.15539608300000002,
      "user": 0.14683109,
      "system": 0.0009492766666666666,
      "min": 0.15359028300000002,
      "max": 0.15939388300000001,
      "times": [
        0.15528998300000002,
        0.15466338300000002,
        0.15600508300000002,
        0.15550218300000002,
        0.15748088300000002,
        0.15921878300000003,
        0.15359028300000002,
        0.15441048300000002,
        0.15443108300000002,
        0.154250983,
        0.15939388300000001,
        0.15676198300000002
      ],
      "exit_codes": [
        0,
        0,
        0,
        0,
        0,
        0,
        0,
        0,
        0,
        0,
        0,
        0
      ]
    },
    {
      "command": "./bb_gemm_2_16",
      "mean": 0.15417454861538463,
      "stddev": 0.00217536957746048,
      "median": 0.15410598300000003,
      "user": 0.14390864769230768,
      "system": 0.002260793846153846,
      "min": 0.15112528800000002,
      "max": 0.15789248300000003,
      "times": [
        0.15789248300000003,
        0.15410598300000003,
        0.15177318800000003,
        0.156500188,
        0.15548038800000002,
        0.155501188,
        0.15112528800000002,
        0.15300088800000003,
        0.153092988,
        0.15664258800000003,
        0.15184608700000002,
        0.15216758800000002,
        0.15514028700000002
      ],
      "exit_codes": [
        0,
        0,
        0,
        0,
        0,
        0,
        0,
        0,
        0,
        0,
        0,
        0,
        0
      ]
    },
    {
      "command": "./bb_gemm_2_32",
      "mean": 0.15312042435714285,
      "stddev": 0.0018908452507155299,
      "median": 0.15304963800000002,
      "user": 0.1441675542857143,
      "system": 0.0007344200000000001,
      "min": 0.151028187,
      "max": 0.15860448800000002,
      "times": [
        0.152269588,
        0.151028187,
        0.15419458800000002,
        0.154352388,
        0.151940288,
        0.15169488800000003,
        0.15311068800000002,
        0.152988588,
        0.15327458800000002,
        0.15371088800000002,
        0.15122868800000003,
        0.15201808800000002,
        0.15860448800000002,
        0.15326999800000002
      ],
      "exit_codes": [
        0,
        0,
        0,
        0,
        0,
        0,
        0,
        0,
        0,
        0,
        0,
        0,
        0,
        0
      ]
    },
    {
      "command": "./bb_gemm_2_64",
      "mean": 0.15241255930769232,
      "stddev": 0.0022614211719134466,
      "median": 0.15227989800000002,
      "user": 0.14193403230769228,
      "system": 0.0029853323076923072,
      "min": 0.14926239800000002,
      "max": 0.15716359800000002,
      "times": [
        0.154789798,
        0.150790997,
        0.15214199800000003,
        0.15234529800000002,
        0.15052629700000003,
        0.15227989800000002,
        0.14926239800000002,
        0.15043149800000002,
        0.15007509700000002,
        0.15323899800000002,
        0.15477879800000002,
        0.15353859800000003,
        0.15716359800000002
      ],
      "exit_codes": [
        0,
        0,
        0,
        0,
        0,
        0,
        0,
        0,
        0,
        0,
        0,
        0,
        0
      ]
    }
  ]
}
