{
  "results": [
    {
      "command": "./ss_sort_base",
      "mean": 0.2234864741,
      "stddev": 0.002615296093266202,
      "median": 0.22343176400000003,
      "user": 0.21136287999999998,
      "system": 0.004982447999999999,
      "min": 0.218744714,
      "max": 0.22847401500000003,
      "times": [
        0.22395491400000003,
        0.22338831400000003,
        0.22278541400000001,
        0.22847401500000003,
        0.22560211400000002,
        0.22066521400000003,
        0.22448761400000003,
        0.22347521400000003,
        0.218744714,
        0.223287214
      ],
      "exit_codes": [
        0,
        0,
        0,
        0,
        0,
        0,
        0,
        0,
        0,
        0
      ]
    },
    {
      "command": "./ss_sort_9_2",
      "mean": 0.2227055441,
      "stddev": 0.002925191465865305,
      "median": 0.22259986400000004,
      "user": 0.20645878,
      "system": 0.008875855999999998,
      "min": 0.21911891500000003,
      "max": 0.22859811400000002,
      "times": [
        0.22456351400000002,
        0.21911891500000003,
        0.219810414,
        0.22262621400000002,
        0.22859811400000002,
        0.22494471400000002,
        0.21920551400000002,
        0.22257351400000003,
        0.22243171400000003,
        0.223182814
      ],
      "exit_codes": [
        0,
        0,
        0,
        0,
        0,
        0,
        0,
        0,
        0,
        0
      ]
    },
    {
      "command": "./ss_sort_9_4",
      "mean": 0.22143334400000003,
      "stddev": 0.003674438624712322,
      "median": 0.22126646400000002,
      "user": 0.20865527999999997,
      "system": 0.0050205399999999996,
      "min": 0.21781711400000003,
      "max": 0.23015921400000003,
      "times": [
        0.21781761400000002,
        0.22118571400000003,
        0.22000191400000002,
        0.22157821400000002,
        0.21842901400000003,
        0.21781711400000003,
        0.22174241400000003,
        0.23015921400000003,
        0.22425501400000003,
        0.22134721400000001
      ],
      "exit_codes": [
        0,
        0,
        0,
        0,
        0,
        0,
        0,
        0,
        0,
        0
      ]
    },
    {
      "command": "./ss_sort_9_8",
      "mean": 0.22700807390000005,
      "stddev": 0.011740483651716111,
      "median": 0.222166664,
      "user": 0.20858427999999996,
      "system": 0.009082463999999998,
      "min": 0.218015214,
      "max": 0.256024914,
      "times": [
        0.22038031400000002,
        0.22152021400000002,
        0.224647113,
        0.22198871400000003,
        0.218015214,
        0.22112091400000003,
        0.22473041400000002,
        0.22234461400000002,
        0.23930831400000002,
        0.256024914
      ],
      "exit_codes": [
        0,
        0,
        0,
        0,
        0,
        0,
        0,
        0,
        0,
        0
      ]
    },
    {
      "command": "./ss_sort_9_16",
      "mean": 0.2232235233000001,
      "stddev": 0.0024373386174300414,
      "median": 0.22263406350000003,
      "user": 0.20554218,
      "system": 0.009057663999999998,
      "min": 0.21891151300000003,
      "max": 0.22764621300000001,
      "times": [
        0.22668151300000003,
        0.22364581300000003,
        0.22222651300000001,
        0.222379014,
        0.22308121400000003,
        0.222395313,
        0.21891151300000003,
        0.22764621300000001,
        0.222450213,
        0.22281791400000003
      ],
      "exit_codes": [
        0,
        0,
        0,
        0,
        0,
        0,
        0,
        0,
        0,
        0
      ]
    },
    {
      "command": "./ss_sort_9_32",
      "mean": 0.22223544390000005,
      "stddev": 0.0037612017445205646,
      "median": 0.22146696400000004,
      "user": 0.20415368000000003,
      "system": 0.009183756,
      "min": 0.21882861400000003,
      "max": 0.23178251300000002,
      "times": [
        0.223820014,
        0.23178251300000002,
        0.21973001400000003,
        0.22120001400000003,
        0.22173391400000003,
        0.21882861400000003,
        0.220291014,
        0.22307451400000003,
        0.22277031400000002,
        0.21912351400000002
      ],
      "exit_codes": [
        0,
        0,
        0,
        0,
        0,
        0,
        0,
        0,
        0,
        0
      ]
    },
    {
      "command": "./ss_sort_9_64",
      "mean": 0.2228057541,
      "stddev": 0.004328602193183809,
      "median": 0.221686814,
      "user": 0.20318147999999997,
      "system": 0.011822948,
      "min": 0.21766491400000001,
      "max": 0.22982451500000003,
      "times": [
        0.22008881400000002,
        0.21888731400000003,
        0.228562214,
        0.222218714,
        0.221380814,
        0.22774141400000003,
        0.221992814,
        0.21766491400000001,
        0.21969601400000002,
        0.22982451500000003
      ],
      "exit_codes": [
        0,
        0,
        0,
        0,
        0,
        0,
        0,
        0,
        0,
        0
      ]
    }
  ]
}
