{
  "results": [
    {
      "command": "./ss_sort_base",
      "mean": 0.22586105346000002,
      "stddev": 0.007019632553198389,
      "median": 0.22327831296,
      "user": 0.20997335999999994,
      "system": 0.00687276,
      "min": 0.22011086396,
      "max": 0.24228986296000002,
      "times": [
        0.22303066296000001,
        0.22352596296000002,
        0.22415006396,
        0.23484406296000002,
        0.22159056296000001,
        0.22247056396,
        0.22011086396,
        0.24228986296000002,
        0.22382806396000002,
        0.22276986396
      ],
      "exit_codes": [
        0,
        0,
        0,
        0,
        0,
        0,
        0,
        0,
        0,
        0
      ]
    },
    {
      "command": "./ss_sort_5_2",
      "mean": 0.21727890436,
      "stddev": 0.01377713180583795,
      "median": 0.21232981446,
      "user": 0.19902795999999995,
      "system": 0.008508575999999999,
      "min": 0.21161176396,
      "max": 0.25604496396000004,
      "times": [
        0.21228056396,
        0.21857886396,
        0.21246956396,
        0.21222026396000002,
        0.21161176396,
        0.21371206496,
        0.21167566496,
        0.21181626496,
        0.25604496396000004,
        0.21237906496
      ],
      "exit_codes": [
        0,
        0,
        0,
        0,
        0,
        0,
        0,
        0,
        0,
        0
      ]
    },
    {
      "command": "./ss_sort_5_4",
      "mean": 0.20790143426,
      "stddev": 0.004661533392269518,
      "median": 0.20687646496,
      "user": 0.18709585999999997,
      "system": 0.013820747999999999,
      "min": 0.20343206496000002,
      "max": 0.22058136396,
      "times": [
        0.20824846496000002,
        0.20783966496,
        0.20678456496,
        0.22058136396,
        0.20720366496,
        0.20667066496,
        0.20343206496000002,
        0.20696836496,
        0.20521496196,
        0.20607056196
      ],
      "exit_codes": [
        0,
        0,
        0,
        0,
        0,
        0,
        0,
        0,
        0,
        0
      ]
    },
    {
      "command": "./ss_sort_5_8",
      "mean": 0.20705729096,
      "stddev": 0.0019676548506336743,
      "median": 0.20691656096,
      "user": 0.18970576,
      "system": 0.009818132,
      "min": 0.20452176096000002,
      "max": 0.21034106096000002,
      "times": [
        0.20985906096,
        0.20617846096,
        0.20472586096,
        0.20554326096,
        0.20807386096,
        0.21034106096000002,
        0.20749646096000002,
        0.20682456096000001,
        0.20452176096000002,
        0.20700856096
      ],
      "exit_codes": [
        0,
        0,
        0,
        0,
        0,
        0,
        0,
        0,
        0,
        0
      ]
    },
    {
      "command": "./ss_sort_5_16",
      "mean": 0.20710173756,
      "stddev": 0.0018347287133452727,
      "median": 0.20655696746000002,
      "user": 0.19194705999999997,
      "system": 0.007078604,
      "min": 0.20540776796000002,
      "max": 0.21206376796,
      "times": [
        0.20655676696,
        0.20692136696000002,
        0.20700086796,
        0.20540776796000002,
        0.20655406696,
        0.20643076796,
        0.21206376796,
        0.20753316696000002,
        0.20599166796,
        0.20655716796
      ],
      "exit_codes": [
        0,
        0,
        0,
        0,
        0,
        0,
        0,
        0,
        0,
        0
      ]
    },
    {
      "command": "./ss_sort_5_32",
      "mean": 0.20649630046000006,
      "stddev": 0.002751684011324955,
      "median": 0.20655857596000002,
      "user": 0.19494215999999998,
      "system": 0.004008416,
      "min": 0.20253788396,
      "max": 0.21175106696,
      "times": [
        0.20670496796,
        0.21175106696,
        0.20528938096000002,
        0.20253788396,
        0.20641218396000002,
        0.20277028396000002,
        0.20705978396000002,
        0.20605498396000002,
        0.20945928496000002,
        0.20692318396
      ],
      "exit_codes": [
        0,
        0,
        0,
        0,
        0,
        0,
        0,
        0,
        0,
        0
      ]
    },
    {
      "command": "./ss_sort_5_64",
      "mean": 0.21079764285999997,
      "stddev": 0.011606400295495053,
      "median": 0.20665588446,
      "user": 0.19509835999999997,
      "system": 0.00689496,
      "min": 0.20333858396,
      "max": 0.24173318696,
      "times": [
        0.20367768396000002,
        0.20625488496,
        0.20489528396,
        0.20705688396000002,
        0.20977538396,
        0.20767248496000001,
        0.24173318696,
        0.20333858396,
        0.21756548496,
        0.20600656696
      ],
      "exit_codes": [
        0,
        0,
        0,
        0,
        0,
        0,
        0,
        0,
        0,
        0
      ]
    }
  ]
}
