{
  "results": [
    {
      "command": "./ss_sort_base",
      "mean": 0.22427007106000002,
      "stddev": 0.0019923121683076595,
      "median": 0.22427141146000001,
      "user": 0.20931286000000004,
      "system": 0.006874099999999999,
      "min": 0.22134081096000002,
      "max": 0.22835141096000003,
      "times": [
        0.22263151096000003,
        0.22575921096,
        0.22302771096000001,
        0.22835141096000003,
        0.22283081096000001,
        0.22563861096,
        0.22429281096000003,
        0.22457781096,
        0.22134081096000002,
        0.22425001196000002
      ],
      "exit_codes": [
        0,
        0,
        0,
        0,
        0,
        0,
        0,
        0,
        0,
        0
      ]
    },
    {
      "command": "./ss_sort_4_2",
      "mean": 0.21269962996,
      "stddev": 0.006866659533620893,
      "median": 0.21088790996,
      "user": 0.19910826,
      "system": 0.0060722,
      "min": 0.20876800996000003,
      "max": 0.23205710996000004,
      "times": [
        0.20876800996000003,
        0.21041950996000003,
        0.20969630996000002,
        0.21120410996000002,
        0.20969860996000003,
        0.21156530996000003,
        0.23205710996000004,
        0.21169790996,
        0.21057170996000002,
        0.21131770996000002
      ],
      "exit_codes": [
        0,
        0,
        0,
        0,
        0,
        0,
        0,
        0,
        0,
        0
      ]
    },
    {
      "command": "./ss_sort_4_4",
      "mean": 0.21048362996000006,
      "stddev": 0.0025824212935408796,
      "median": 0.21069725996000002,
      "user": 0.19382455999999998,
      "system": 0.0089933,
      "min": 0.20686140996000002,
      "max": 0.21527830996000002,
      "times": [
        0.20809960996000001,
        0.20920900996000003,
        0.21057570996000002,
        0.21244380996000004,
        0.21207650996000002,
        0.20761690996,
        0.21527830996000002,
        0.21185620996,
        0.20686140996000002,
        0.21081880996000002
      ],
      "exit_codes": [
        0,
        0,
        0,
        0,
        0,
        0,
        0,
        0,
        0,
        0
      ]
    },
    {
      "command": "./ss_sort_4_8",
      "mean": 0.21018474996000003,
      "stddev": 0.002996291399268995,
      "median": 0.20986175996,
      "user": 0.19301076,
      "system": 0.0092362,
      "min": 0.20707080996000002,
      "max": 0.21705440996000003,
      "times": [
        0.20840490996000002,
        0.20794980996,
        0.20707660996000002,
        0.20707080996000002,
        0.21193920996,
        0.21166480996000003,
        0.20981690996000002,
        0.21705440996000003,
        0.20990660996000002,
        0.21096340996000001
      ],
      "exit_codes": [
        0,
        0,
        0,
        0,
        0,
        0,
        0,
        0,
        0,
        0
      ]
    },
    {
      "command": "./ss_sort_4_16",
      "mean": 0.20914028006000002,
      "stddev": 0.004091832515778781,
      "median": 0.20765666046000003,
      "user": 0.19215416000000002,
      "system": 0.0090409,
      "min": 0.20519880996000003,
      "max": 0.21681350996,
      "times": [
        0.20799180996000002,
        0.21665450996000002,
        0.20745711096000002,
        0.20785620996,
        0.20667610996000002,
        0.20519880996000003,
        0.20738350996000002,
        0.20712920996000003,
        0.21681350996,
        0.20824200996000003
      ],
      "exit_codes": [
        0,
        0,
        0,
        0,
        0,
        0,
        0,
        0,
        0,
        0
      ]
    },
    {
      "command": "./ss_sort_4_32",
      "mean": 0.21726082146000003,
      "stddev": 0.015495983751421626,
      "median": 0.20953686096000002,
      "user": 0.19359286,
      "system": 0.0158274,
      "min": 0.20555100996000003,
      "max": 0.24755511196000002,
      "times": [
        0.20555100996000003,
        0.20825430996000002,
        0.22500571196000002,
        0.24164561196000003,
        0.21202851096000003,
        0.20797111196,
        0.20655821196000002,
        0.20721921196,
        0.21081941196,
        0.24755511196000002
      ],
      "exit_codes": [
        0,
        0,
        0,
        0,
        0,
        0,
        0,
        0,
        0,
        0
      ]
    },
    {
      "command": "./ss_sort_4_64",
      "mean": 0.20777068196000004,
      "stddev": 0.0019362273732757842,
      "median": 0.20707786196000003,
      "user": 0.19656675999999998,
      "system": 0.0029255999999999996,
      "min": 0.20563811196,
      "max": 0.21170481196000002,
      "times": [
        0.20563811196,
        0.20577001196000003,
        0.20741841196000002,
        0.20897371196000003,
        0.20929331096000003,
        0.21170481196000002,
        0.20673731196000003,
        0.20907631196,
        0.20671741196,
        0.20637741296000003
      ],
      "exit_codes": [
        0,
        0,
        0,
        0,
        0,
        0,
        0,
        0,
        0,
        0
      ]
    }
  ]
}
