{
  "results": [
    {
      "command": "./ss_sort_base",
      "mean": 0.2261693626,
      "stddev": 0.0027333591295864495,
      "median": 0.22517893300000003,
      "user": 0.20426478,
      "system": 0.013109505999999998,
      "min": 0.223830982,
      "max": 0.231735183,
      "times": [
        0.22544118200000002,
        0.22656538200000004,
        0.22465288300000003,
        0.23048768300000003,
        0.223830982,
        0.22538248300000002,
        0.231735183,
        0.22398708200000003,
        0.22497538300000003,
        0.22463538300000002
      ],
      "exit_codes": [
        0,
        0,
        0,
        0,
        0,
        0,
        0,
        0,
        0,
        0
      ]
    },
    {
      "command": "./ss_sort_6_2",
      "mean": 0.22381918270000006,
      "stddev": 0.002749670655834215,
      "median": 0.22341023250000003,
      "user": 0.20792527999999993,
      "system": 0.00813769,
      "min": 0.21986248300000003,
      "max": 0.230325983,
      "times": [
        0.22487368300000002,
        0.22158358200000003,
        0.22359208200000003,
        0.22446498300000003,
        0.230325983,
        0.22322838300000003,
        0.22264648300000003,
        0.22474228300000001,
        0.22287188200000002,
        0.21986248300000003
      ],
      "exit_codes": [
        0,
        0,
        0,
        0,
        0,
        0,
        0,
        0,
        0,
        0
      ]
    },
    {
      "command": "./ss_sort_6_4",
      "mean": 0.22538585280000004,
      "stddev": 0.005323516563994162,
      "median": 0.22416708300000004,
      "user": 0.20853218,
      "system": 0.009076048,
      "min": 0.22110018300000003,
      "max": 0.24014128300000004,
      "times": [
        0.22487458200000002,
        0.22289918300000003,
        0.22379318300000003,
        0.22425918300000003,
        0.22407498300000003,
        0.24014128300000004,
        0.22511558200000004,
        0.22282608300000004,
        0.22477428300000002,
        0.22110018300000003
      ],
      "exit_codes": [
        0,
        0,
        0,
        0,
        0,
        0,
        0,
        0,
        0,
        0
      ]
    },
    {
      "command": "./ss_sort_6_8",
      "mean": 0.22267597390000002,
      "stddev": 0.0013531309238446032,
      "median": 0.22270068350000002,
      "user": 0.21117608,
      "system": 0.003902374,
      "min": 0.22082848400000002,
      "max": 0.22447938400000003,
      "times": [
        0.22264368300000004,
        0.22336978400000002,
        0.222757684,
        0.22088078400000002,
        0.22082848400000002,
        0.22263728400000002,
        0.22447938400000003,
        0.22418288400000003,
        0.223860984,
        0.221118784
      ],
      "exit_codes": [
        0,
        0,
        0,
        0,
        0,
        0,
        0,
        0,
        0,
        0
      ]
    },
    {
      "command": "./ss_sort_6_16",
      "mean": 0.22747034650000003,
      "stddev": 0.01146467124850272,
      "median": 0.2238814865,
      "user": 0.20721878,
      "system": 0.012924863999999998,
      "min": 0.21850318600000002,
      "max": 0.25725328700000005,
      "times": [
        0.21850318600000002,
        0.22509418700000003,
        0.22360928600000002,
        0.22687508700000003,
        0.22415368700000002,
        0.22182228600000004,
        0.23521658700000003,
        0.21882618600000003,
        0.22334968600000002,
        0.25725328700000005
      ],
      "exit_codes": [
        0,
        0,
        0,
        0,
        0,
        0,
        0,
        0,
        0,
        0
      ]
    },
    {
      "command": "./ss_sort_6_32",
      "mean": 0.224652686,
      "stddev": 0.0027843894583113797,
      "median": 0.22423333600000003,
      "user": 0.21083078,
      "system": 0.006012332,
      "min": 0.22042258600000003,
      "max": 0.23066718600000002,
      "times": [
        0.23066718600000002,
        0.22042258600000003,
        0.22373398600000002,
        0.22193518600000003,
        0.22467158600000003,
        0.226472886,
        0.22551968600000002,
        0.22581148600000003,
        0.22349718600000001,
        0.22379508600000003
      ],
      "exit_codes": [
        0,
        0,
        0,
        0,
        0,
        0,
        0,
        0,
        0,
        0
      ]
    },
    {
      "command": "./ss_sort_6_64",
      "mean": 0.2256070057,
      "stddev": 0.003313513096383318,
      "median": 0.22505363500000003,
      "user": 0.20668917999999997,
      "system": 0.01018349,
      "min": 0.22134288600000002,
      "max": 0.233683086,
      "times": [
        0.22524988600000004,
        0.233683086,
        0.22438308700000004,
        0.22134288600000002,
        0.22272258600000003,
        0.226247087,
        0.22439658600000004,
        0.22585918600000002,
        0.22485738400000002,
        0.22732828300000002
      ],
      "exit_codes": [
        0,
        0,
        0,
        0,
        0,
        0,
        0,
        0,
        0,
        0
      ]
    }
  ]
}
