{
  "results": [
    {
      "command": "./stencil_no",
      "mean": 0.41965850234,
      "stddev": 0.022319768469601205,
      "median": 0.41615206994000004,
      "user": 0.39602204,
      "system": 0.016344407999999998,
      "min": 0.38595019544000003,
      "max": 0.46449445244000004,
      "times": [
        0.44645900944000005,
        0.41348136544,
        0.40967231444,
        0.38595019544000003,
        0.46449445244000004,
        0.40220491344000003,
        0.40784778944000005,
        0.42464191544,
        0.42301029344,
        0.41882277444000005
      ],
      "exit_codes": [
        0,
        0,
        0,
        0,
        0,
        0,
        0,
        0,
        0,
        0
      ]
    },
    {
      "command": "./stencil_auto",
      "mean": 0.41650759704,
      "stddev": 0.014484882095365838,
      "median": 0.41635923444000006,
      "user": 0.39900984000000006,
      "system": 0.010050825999999999,
      "min": 0.39453917644000003,
      "max": 0.43999022244,
      "times": [
        0.43999022244,
        0.42779542244,
        0.41311238144000006,
        0.41960608744000005,
        0.42769602044000005,
        0.41016403344,
        0.42775142144000006,
        0.39453917644000003,
        0.40061927644000006,
        0.40380192844
      ],
      "exit_codes": [
        0,
        0,
        0,
        0,
        0,
        0,
        0,
        0,
        0,
        0
      ]
    },
    {
      "command": "./stencil_manual",
      "mean": 0.40322038374,
      "stddev": 0.01641923718214695,
      "median": 0.40177735894000005,
      "user": 0.37379454,
      "system": 0.020847726,
      "min": 0.37774523044,
      "max": 0.43510568044000003,
      "times": [
        0.40937241944,
        0.41462060644000004,
        0.40522545144000005,
        0.39584629744000005,
        0.41559833644000005,
        0.39311547944,
        0.43510568044000003,
        0.38724506944000003,
        0.37774523044,
        0.39832926644000005
      ],
      "exit_codes": [
        0,
        0,
        0,
        0,
        0,
        0,
        0,
        0,
        0,
        0
      ]
    },
    {
      "command": "./stencil_2",
      "mean": 0.41325846924,
      "stddev": 0.019267455362395065,
      "median": 0.4051550594400001,
      "user": 0.38546063999999997,
      "system": 0.019302043999999997,
      "min": 0.39251145844,
      "max": 0.45002341344,
      "times": [
        0.40118866744000004,
        0.43434075244000003,
        0.39683431244000006,
        0.39706982144,
        0.42563824144000006,
        0.39251145844,
        0.45002341344,
        0.42466790644,
        0.40849282844000007,
        0.40181729044000003
      ],
      "exit_codes": [
        0,
        0,
        0,
        0,
        0,
        0,
        0,
        0,
        0,
        0
      ]
    },
    {
      "command": "./stencil_4",
      "mean": 0.40617053514000007,
      "stddev": 0.020451878463644046,
      "median": 0.39712384394,
      "user": 0.37583134,
      "system": 0.021251725999999995,
      "min": 0.39029401744000003,
      "max": 0.44134989544000003,
      "times": [
        0.39173131544000006,
        0.44134989544000003,
        0.39727249544000004,
        0.39203173644000006,
        0.42179347444000004,
        0.39697519244,
        0.44054668644000006,
        0.39029401744000003,
        0.39162493244,
        0.39808560544000005
      ],
      "exit_codes": [
        0,
        0,
        0,
        0,
        0,
        0,
        0,
        0,
        0,
        0
      ]
    },
    {
      "command": "./stencil_8",
      "mean": 0.40581078114,
      "stddev": 0.01772535759106281,
      "median": 0.4073810104400001,
      "user": 0.37895664000000007,
      "system": 0.017783243999999997,
      "min": 0.37952158144000003,
      "max": 0.43380321044000003,
      "times": [
        0.40665830244000006,
        0.43380321044000003,
        0.40810371844000004,
        0.39136632844,
        0.40842082244000005,
        0.42068986144000003,
        0.42561213744000004,
        0.38375844744000004,
        0.40017340144,
        0.37952158144000003
      ],
      "exit_codes": [
        0,
        0,
        0,
        0,
        0,
        0,
        0,
        0,
        0,
        0
      ]
    },
    {
      "command": "./stencil_16",
      "mean": 0.43134646464,
      "stddev": 0.01715289924953024,
      "median": 0.42995036294,
      "user": 0.40473264000000003,
      "system": 0.018079543999999996,
      "min": 0.40332695044000005,
      "max": 0.45837610344000007,
      "times": [
        0.43470663644,
        0.42366536544000005,
        0.43955771244,
        0.42519408944000003,
        0.45837610344000007,
        0.40332695044000005,
        0.45276331644000006,
        0.42256704844000004,
        0.41292539944000006,
        0.44038202444
      ],
      "exit_codes": [
        0,
        0,
        0,
        0,
        0,
        0,
        0,
        0,
        0,
        0
      ]
    },
    {
      "command": "./stencil_32",
      "mean": 0.42248386614,
      "stddev": 0.01596581560060017,
      "median": 0.42046090244,
      "user": 0.4048448400000001,
      "system": 0.008982708,
      "min": 0.40021666144000007,
      "max": 0.45920521644000006,
      "times": [
        0.42700991844,
        0.42927625244000006,
        0.43031027244000003,
        0.45920521644000006,
        0.41175197044000006,
        0.41580810844000005,
        0.41033845644000005,
        0.40021666144000007,
        0.41864843544,
        0.42227336944000005
      ],
      "exit_codes": [
        0,
        0,
        0,
        0,
        0,
        0,
        0,
        0,
        0,
        0
      ]
    },
    {
      "command": "./stencil_64",
      "mean": 0.43171484894,
      "stddev": 0.023621544835231843,
      "median": 0.42337134344000005,
      "user": 0.41720534000000004,
      "system": 0.005091172,
      "min": 0.40669113344,
      "max": 0.48260273744000004,
      "times": [
        0.43809351844000005,
        0.44017243844000004,
        0.41662701544,
        0.42704061444,
        0.48260273744000004,
        0.45772690344000005,
        0.41680241844000004,
        0.40669113344,
        0.41168963744000003,
        0.41970207244
      ],
      "exit_codes": [
        0,
        0,
        0,
        0,
        0,
        0,
        0,
        0,
        0,
        0
      ]
    }
  ]
}
