{
  "results": [
    {
      "command": "./pp_scan_no",
      "mean": 0.34751624414000004,
      "stddev": 0.01425149665524853,
      "median": 0.34508418594,
      "user": 0.33382409999999996,
      "system": 0.007108099999999999,
      "min": 0.33276633944000006,
      "max": 0.37247029444000007,
      "times": [
        0.37247029444000007,
        0.33459588344,
        0.33276633944000006,
        0.37178897744000006,
        0.34679397644000004,
        0.34052172544000003,
        0.34995825344000003,
        0.34337439544000004,
        0.34797810544,
        0.33491449044000005
      ],
      "exit_codes": [
        0,
        0,
        0,
        0,
        0,
        0,
        0,
        0,
        0,
        0
      ]
    },
    {
      "command": "./pp_scan_auto",
      "mean": 0.33901314964000007,
      "stddev": 0.007919756396859575,
      "median": 0.33903167394,
      "user": 0.32390779999999997,
      "system": 0.008438000000000001,
      "min": 0.32732036244000007,
      "max": 0.34769009144000007,
      "times": [
        0.33038811944,
        0.34769009144000007,
        0.33618613644000006,
        0.32732036244000007,
        0.34693056844000003,
        0.34712087344000003,
        0.33015354944,
        0.34627844744,
        0.34131319444,
        0.33675015344000003
      ],
      "exit_codes": [
        0,
        0,
        0,
        0,
        0,
        0,
        0,
        0,
        0,
        0
      ]
    },
    {
      "command": "./pp_scan_manual",
      "mean": 0.33639425074000007,
      "stddev": 0.011889586150060331,
      "median": 0.33687435694,
      "user": 0.3203743,
      "system": 0.0089993,
      "min": 0.31999343544000003,
      "max": 0.35125050144000003,
      "times": [
        0.34150830044,
        0.35054248044,
        0.32183759344000007,
        0.34415578244000006,
        0.32869890544,
        0.33224041344000005,
        0.35125050144000003,
        0.32667914244000007,
        0.31999343544000003,
        0.34703595244
      ],
      "exit_codes": [
        0,
        0,
        0,
        0,
        0,
        0,
        0,
        0,
        0,
        0
      ]
    },
    {
      "command": "./pp_scan_2",
      "mean": 0.32881765624,
      "stddev": 0.011499891531167695,
      "median": 0.32707264244,
      "user": 0.3121753,
      "system": 0.010323200000000001,
      "min": 0.31697144144000006,
      "max": 0.35740944844000005,
      "times": [
        0.32936844944000004,
        0.33584911144000007,
        0.31864718344000004,
        0.32622637244,
        0.31697144144000006,
        0.32883223644000004,
        0.32072703444000006,
        0.32638067544000005,
        0.35740944844000005,
        0.32776460944
      ],
      "exit_codes": [
        0,
        0,
        0,
        0,
        0,
        0,
        0,
        0,
        0,
        0
      ]
    },
    {
      "command": "./pp_scan_4",
      "mean": 0.3538798537400001,
      "stddev": 0.01588227538342362,
      "median": 0.35044064444,
      "user": 0.3375,
      "system": 0.007054499999999998,
      "min": 0.33401686544000003,
      "max": 0.39095488444000004,
      "times": [
        0.35874848144000004,
        0.39095488444000004,
        0.34990936144000007,
        0.35043087444000004,
        0.34088153644,
        0.36444022444000007,
        0.33401686544000003,
        0.35719189444000005,
        0.34177400044000006,
        0.35045041444
      ],
      "exit_codes": [
        0,
        0,
        0,
        0,
        0,
        0,
        0,
        0,
        0,
        0
      ]
    },
    {
      "command": "./pp_scan_8",
      "mean": 0.3993667564400001,
      "stddev": 0.01781860388887474,
      "median": 0.39148534544,
      "user": 0.3814851,
      "system": 0.0060319,
      "min": 0.37536325344000004,
      "max": 0.42983520644000006,
      "times": [
        0.42983520644000006,
        0.42102518444000003,
        0.41912289444000006,
        0.39330456044000006,
        0.38886965044000005,
        0.40004085844000004,
        0.38956832944,
        0.3868714964400001,
        0.37536325344000004,
        0.38966613044000004
      ],
      "exit_codes": [
        0,
        0,
        0,
        0,
        0,
        0,
        0,
        0,
        0,
        0
      ]
    },
    {
      "command": "./pp_scan_16",
      "mean": 0.39145359854000006,
      "stddev": 0.02209464133445482,
      "median": 0.38939344994,
      "user": 0.3578954,
      "system": 0.0237647,
      "min": 0.36588102444000004,
      "max": 0.44363859544000006,
      "times": [
        0.44363859544000006,
        0.39547420244000003,
        0.38374995744000007,
        0.39017593644000004,
        0.37288785344,
        0.40219786944,
        0.36588102444000004,
        0.38861096344000007,
        0.37163125844000006,
        0.40028832444000007
      ],
      "exit_codes": [
        0,
        0,
        0,
        0,
        0,
        0,
        0,
        0,
        0,
        0
      ]
    },
    {
      "command": "./pp_scan_32",
      "mean": 0.37792271344,
      "stddev": 0.028722921860524296,
      "median": 0.36704422144000004,
      "user": 0.3582665,
      "system": 0.010220299999999998,
      "min": 0.35232750444000005,
      "max": 0.45013337544000004,
      "times": [
        0.45013337544000004,
        0.37654501444000005,
        0.36610206744000007,
        0.39805471144000004,
        0.36798637544000007,
        0.3842172494400001,
        0.36335325444000005,
        0.35615282244000007,
        0.36435475944000006,
        0.35232750444000005
      ],
      "exit_codes": [
        0,
        0,
        0,
        0,
        0,
        0,
        0,
        0,
        0,
        0
      ]
    },
    {
      "command": "./pp_scan_64",
      "mean": 0.3731698414400001,
      "stddev": 0.016166755611798853,
      "median": 0.36663702194000003,
      "user": 0.3515023,
      "system": 0.011012999999999998,
      "min": 0.35741602544000006,
      "max": 0.40997502844000006,
      "times": [
        0.39257928644000006,
        0.40997502844000006,
        0.36402678744000005,
        0.36479588244000005,
        0.36847816144000006,
        0.37341213344000007,
        0.37435492744000004,
        0.36235289644000007,
        0.3643072854400001,
        0.35741602544000006
      ],
      "exit_codes": [
        0,
        0,
        0,
        0,
        0,
        0,
        0,
        0,
        0,
        0
      ]
    }
  ]
}
