{
  "results": [
    {
      "command": "./fft_no",
      "mean": 0.008639038317894738,
      "stddev": 0.0010056521444629317,
      "median": 0.00880039866,
      "user": 0.0013545336842105261,
      "system": 0.0001302157894736842,
      "min": 0.006255439160000001,
      "max": 0.010793840160000002,
      "times": [
        0.007792885160000001,
        0.008861638160000001,
        0.008431037160000002,
        0.00830066716,
        0.00837834916,
        0.009444603160000002,
        0.009832413160000001,
        0.006255439160000001,
        0.00651178016,
        0.01020882716,
        0.00886653716,
        0.0077675901600000015,
        0.009361223160000001,
        0.00934432616,
        0.008426338160000001,
        0.009525284160000001,
        0.007059854160000001,
        0.00824183916,
        0.009235179160000002,
        0.007764421160000001,
        0.0074510081600000005,
        0.00873915916,
        0.00914477516,
        0.009537391160000002,
        0.009133975160000002,
        0.00912217416,
        0.00915877616,
        0.007408007160000001,
        0.00855795216,
        0.00778672116,
        0.009462288160000002,
        0.00862715516,
        0.010217617160000001,
        0.007302703160000001,
        0.010793840160000002,
        0.008441148160000002,
        0.00892536716,
        0.008863165160000002
      ],
      "exit_codes": [
        0,
        0,
        0,
        0,
        0,
        0,
        0,
        0,
        0,
        0,
        0,
        0,
        0,
        0,
        0,
        0,
        0,
        0,
        0,
        0,
        0,
        0,
        0,
        0,
        0,
        0,
        0,
        0,
        0,
        0,
        0,
        0,
        0,
        0,
        0,
        0,
        0,
        0
      ]
    },
    {
      "command": "./fft_auto",
      "mean": 0.00838092419030303,
      "stddev": 0.0011539897321826429,
      "median": 0.008630455160000002,
      "user": 0.0011389842424242424,
      "system": 0.00021394181818181818,
      "min": 0.00638786716,
      "max": 0.010611533160000002,
      "times": [
        0.0069206881600000015,
        0.00927808016,
        0.00874085916,
        0.006735581160000001,
        0.008630455160000002,
        0.00659787516,
        0.008786961160000002,
        0.010116214160000001,
        0.00638786716,
        0.006534572160000001,
        0.00879136116,
        0.009139275160000002,
        0.00785112516,
        0.007981130160000002,
        0.008385246160000002,
        0.00962289416,
        0.007552413160000001,
        0.006677678160000001,
        0.00927858116,
        0.009810701160000001,
        0.010611533160000002,
        0.008962968160000001,
        0.00949638916,
        0.008176837160000002,
        0.009202178160000001,
        0.008500050160000001,
        0.00703999316,
        0.00695498916,
        0.0076346161600000005,
        0.009086373160000001,
        0.009537090160000001,
        0.00894216716,
        0.00860575416
      ],
      "exit_codes": [
        0,
        0,
        0,
        0,
        0,
        0,
        0,
        0,
        0,
        0,
        0,
        0,
        0,
        0,
        0,
        0,
        0,
        0,
        0,
        0,
        0,
        0,
        0,
        0,
        0,
        0,
        0,
        0,
        0,
        0,
        0,
        0,
        0
      ]
    },
    {
      "command": "./fft_manual",
      "mean": 0.00945054191757576,
      "stddev": 0.001179762390357827,
      "median": 0.00963092016,
      "user": 0.0012593175757575758,
      "system": 0.00012444727272727273,
      "min": 0.006348766160000001,
      "max": 0.01204223116,
      "times": [
        0.007474109160000002,
        0.00982530216,
        0.00998070816,
        0.01120165616,
        0.009810701160000001,
        0.009652195160000002,
        0.008193238160000001,
        0.00954119016,
        0.006348766160000001,
        0.00687848616,
        0.00993790616,
        0.00775382016,
        0.009639994160000002,
        0.00952739016,
        0.009327282160000002,
        0.009682497160000001,
        0.009800701160000001,
        0.008956368160000002,
        0.00888576516,
        0.00977822016,
        0.01079662616,
        0.009922522160000002,
        0.00878141616,
        0.01093092716,
        0.01109262716,
        0.009295018160000001,
        0.00932971916,
        0.00938911916,
        0.01204223116,
        0.00963092016,
        0.010276624160000001,
        0.009206818160000001,
        0.00897701716
      ],
      "exit_codes": [
        0,
        0,
        0,
        0,
        0,
        0,
        0,
        0,
        0,
        0,
        0,
        0,
        0,
        0,
        0,
        0,
        0,
        0,
        0,
        0,
        0,
        0,
        0,
        0,
        0,
        0,
        0,
        0,
        0,
        0,
        0,
        0,
        0
      ]
    },
    {
      "command": "./fft_2",
      "mean": 0.011656903542352945,
      "stddev": 0.0012046985773190007,
      "median": 0.01191648116,
      "user": 0.0012458247058823532,
      "system": 0.0004251258823529412,
      "min": 0.008715615160000002,
      "max": 0.01331093816,
      "times": [
        0.012654435160000001,
        0.009010017160000001,
        0.01139812816,
        0.012181332160000002,
        0.011946631160000002,
        0.01188633116,
        0.010240923160000002,
        0.01111542816,
        0.012990036160000003,
        0.010933927160000002,
        0.008715615160000002,
        0.010938027160000002,
        0.013266337160000002,
        0.01126772816,
        0.01275153516,
        0.01196963116,
        0.011452029160000002,
        0.012547534160000002,
        0.01331093816,
        0.01294603616,
        0.01061482516,
        0.010672425160000002,
        0.010611125160000002,
        0.009677421160000001,
        0.01237913416,
        0.01144892816,
        0.01015782316,
        0.012001731160000001,
        0.012066232160000002,
        0.01305703716,
        0.011847231160000003,
        0.01219813216,
        0.012821935160000002,
        0.013258138160000002
      ],
      "exit_codes": [
        0,
        0,
        0,
        0,
        0,
        0,
        0,
        0,
        0,
        0,
        0,
        0,
        0,
        0,
        0,
        0,
        0,
        0,
        0,
        0,
        0,
        0,
        0,
        0,
        0,
        0,
        0,
        0,
        0,
        0,
        0,
        0,
        0,
        0
      ]
    },
    {
      "command": "./fft_4",
      "mean": 0.014916289718823531,
      "stddev": 0.001632731808243569,
      "median": 0.01530769766,
      "user": 0.0018395600000000003,
      "system": 0.00029390117647058825,
      "min": 0.01071062616,
      "max": 0.01773265916,
      "times": [
        0.013977641160000002,
        0.01463714416,
        0.016992055160000002,
        0.01524994716,
        0.014881545159999999,
        0.01562524916,
        0.01405564116,
        0.013246438160000002,
        0.01545704916,
        0.011654729160000002,
        0.01540154816,
        0.01442594316,
        0.016631654160000002,
        0.01617255116,
        0.01591435016,
        0.01652145316,
        0.013638340160000002,
        0.014816145159999999,
        0.01536544816,
        0.01633835316,
        0.015417048160000002,
        0.01469104516,
        0.01127942816,
        0.01521704616,
        0.01605455116,
        0.01629525216,
        0.013587139160000001,
        0.01773265916,
        0.01071062616,
        0.01239253416,
        0.015578249160000002,
        0.016806954160000002,
        0.01567081116,
        0.014717280159999999
      ],