{
  "results": [
    {
      "command": "./md_base",
      "mean": 0.020671090559999997,
      "stddev": 0.0011482589994039364,
      "median": 0.02039248296,
      "user": 0.011483228571428573,
      "system": 0.001306086285714286,
      "min": 0.01943888196,
      "max": 0.02467018196,
      "times": [
        0.02039248296,
        0.02270438196,
        0.02122578196,
        0.02081558196,
        0.02107528196,
        0.02261108196,
        0.02055098196,
        0.01969928196,
        0.02198228196,
        0.02085298196,
        0.02467018196,
        0.02179688196,
        0.02039348196,
        0.02054918196,
        0.02000998196,
        0.02038408196,
        0.02035288196,
        0.02039068196,
        0.02009688196,
        0.01962578196,
        0.01976228196,
        0.02038388196,
        0.019820281959999998,
        0.01969768196,
        0.01947348196,
        0.02050948196,
        0.01949978196,
        0.02037048196,
        0.02055408196,
        0.02291328196,
        0.02090938196,
        0.01944738196,
        0.01992568196,
        0.01943888196,
        0.02060198196
      ],
      "exit_codes": [
        0,
        0,
        0,
        0,
        0,
        0,
        0,
        0,
        0,
        0,
        0,
        0,
        0,
        0,
        0,
        0,
        0,
        0,
        0,
        0,
        0,
        0,
        0,
        0,
        0,
        0,
        0,
        0,
        0,
        0,
        0,
        0,
        0,
        0,
        0
      ]
    },
    {
      "command": "./md_0_2",
      "mean": 0.02033332712129032,
      "stddev": 0.0007515888795694578,
      "median": 0.020316281959999998,
      "user": 0.011948006451612906,
      "system": 0.0008111006451612903,
      "min": 0.01901658196,
      "max": 0.02231278196,
      "times": [
        0.02231278196,
        0.01977438196,
        0.01996668196,
        0.020704181959999998,
        0.02118538196,
        0.01941358196,
        0.02009198196,
        0.02043948196,
        0.020316281959999998,
        0.01976378196,
        0.02017908196,
        0.01904058196,
        0.01912018196,
        0.01901658196,
        0.01947048196,
        0.02148058196,
        0.02011058196,
        0.02105488196,
        0.020530681959999998,
        0.02088318196,
        0.02092468196,
        0.01980368196,
        0.02035238196,
        0.02045968196,
        0.02116088196,
        0.02130878196,
        0.01984448196,
        0.02027078196,
        0.02029898196,
        0.02056728196,
        0.02048618196
      ],
      "exit_codes": [
        0,
        0,
        0,
        0,
        0,
        0,
        0,
        0,
        0,
        0,
        0,
        0,
        0,
        0,
        0,
        0,
        0,
        0,
        0,
        0,
        0,
        0,
        0,
        0,
        0,
        0,
        0,
        0,
        0,
        0,
        0
      ]
    },
    {
      "command": "./md_0_4",
      "mean": 0.020266887731428575,
      "stddev": 0.0010494820843023724,
      "median": 0.02029038196,
      "user": 0.011996028571428572,
      "system": 0.0007565337142857142,
      "min": 0.01858478196,
      "max": 0.02397748196,
      "times": [
        0.02131278196,
        0.02050648196,
        0.01881418196,
        0.01922598196,
        0.01943838296,
        0.02013878196,
        0.02005608196,
        0.01914528196,
        0.01977528196,
        0.02220978196,
        0.02050518196,
        0.01966568196,
        0.01858478196,
        0.01970198196,
        0.01935358196,
        0.02073558296,
        0.01941468196,
        0.02397748196,
        0.02053928196,
        0.02061558196,
        0.020275381959999998,
        0.02129688196,
        0.02058728196,
        0.01928058196,
        0.02001718196,
        0.02075318196,
        0.02051758196,
        0.01894188196,
        0.02145188196,
        0.02034748196,
        0.02075368196,
        0.02029038196,
        0.01927028196,
        0.02081808196,
        0.02102248196
      ],
      "exit_codes": [
        0,
        0,
        0,
        0,
        0,
        0,
        0,
        0,
        0,
        0,
        0,
        0,
        0,
        0,
        0,
        0,
        0,
        0,
        0,
        0,
        0,
        0,
        0,
        0,
        0,
        0,
        0,
        0,
        0,
        0,
        0,
        0,
        0,
        0,
        0
      ]
    },
    {
      "command": "./md_0_8",
      "mean": 0.021698421384242418,
      "stddev": 0.006316159534532017,
      "median": 0.02051658196,
      "user": 0.012745048484848484,
      "system": 0.0008090878787878788,
      "min": 0.01959878196,
      "max": 0.05659988196000001,
      "times": [
        0.02138428196,
        0.02143288196,
        0.02051658196,
        0.02065508196,
        0.01970198196,
        0.02061958196,
        0.02015028196,
        0.02005918196,
        0.02126048196,
        0.02073068196,
        0.05659988196000001,
        0.02028248196,
        0.01973958196,
        0.01959878196,
        0.01992368196,
        0.02060578196,
        0.01994958296,
        0.01998598196,
        0.02320878196,
        0.01974828196,
        0.02006038196,
        0.02154528196,
        0.02092738196,
        0.02167308196,
        0.02006958196,
        0.02096998196,
        0.02165268196,
        0.02108458196,
        0.02034648196,
        0.02169498196,
        0.02001108196,
        0.01986788196,
        0.01999068196
      ],
      "exit_codes": [
        0,
        0,
        0,
        0,
        0,
        0,
        0,
        0,
        0,
        0,
        0,
        0,
        0,
        0,
        0,
        0,
        0,
        0,
        0,
        0,
        0,
        0,
        0,
        0,
        0,
        0,
        0,
        0,
        0,
        0,
        0,
        0,
        0
      ]
    },
    {
      "command": "./md_0_16",
      "mean": 0.021366297647500004,
      "stddev": 0.0011110279083183093,
      "median": 0.02151648196,
      "user": 0.011210443749999997,
      "system": 0.0016372506250000001,
      "min": 0.01869838196,
      "max": 0.02428418196,
      "times": [
        0.02016058196,
        0.02428418196,
        0.02080288296,
        0.01869838196,
        0.02037668196,
        0.02158508196,
        0.020134581959999998,
        0.021742881959999998,
        0.02073538196,
        0.02151458196,
        0.02109828196,
        0.02187628196,
        0.02151158196,
        0.02156148196,
        0.02093998196,
        0.01965618196,
        0.02205058196,
        0.02101928196,
        0.02053358196,
        0.02196708196,
        0.02157188196,
        0.02169798196,
        0.02159258196,
        0.02098238196,
        0.02151838196,
        0.02098108296,
        0.02302968196,
        0.02394498196,
        0.02176878196,
        0.02026798196,
        0.02247758196,
        0.02163868196
      ],
      "exit_codes": [
        0,
        0,
        0,
        0,
        0,
        0,
        0,
        0,
        0,
        0,
        0,
        0,
        0,
        0,
        0,
        0,
        0,
        0,
        0,
        0,
        0,
        0,
        0,
        0,
        0,
        0,
        0,
        0,
        0,
        0,
        0,
        0
      ]
    },
    {
      "command": "./md_0_32",
      "mean": 0.022592719034074074,
      "stddev": 0.0071958714232636155,
      "median": 0.02119108196,
      "user": 0.012193977777777776,
      "system": 0.00155463037037037,
      "min": 0.01920308296,
      "max": 0.058244281960000005,