{
  "results": [
    {
      "command": "./bb_gemm_base",
      "mean": 0.20223888660000006,
      "stddev": 0.0018260169656800628,
      "median": 0.20190916650000001,
      "user": 0.18988464,
      "system": 0.003980309999999999,
      "min": 0.1999931675,
      "max": 0.20554336550000002,
      "times": [
        0.2048655665,
        0.20030766650000004,
        0.20554336550000002,
        0.20236056650000003,
        0.20112636750000001,
        0.20305136650000002,
        0.20130366650000003,
        0.20237936650000002,
        0.20145776650000002,
        0.1999931675
      ],
      "exit_codes": [
        0,
        0,
        0,
        0,
        0,
        0,
        0,
        0,
        0,
        0
      ]
    },
    {
      "command": "./bb_gemm_0_2",
      "mean": 0.2047473354,
      "stddev": 0.004189233139466786,
      "median": 0.20369090550000002,
      "user": 0.19213594,
      "system": 0.002958784,
      "min": 0.20055590550000002,
      "max": 0.2155822045,
      "times": [
        0.20363920550000003,
        0.20160400550000002,
        0.20374260550000003,
        0.2066384055,
        0.20343360550000003,
        0.20376950550000003,
        0.20055590550000002,
        0.2155822045,
        0.20568950550000004,
        0.20281840550000002
      ],
      "exit_codes": [
        0,
        0,
        0,
        0,
        0,
        0,
        0,
        0,
        0,
        0
      ]
    },
    {
      "command": "./bb_gemm_0_4",
      "mean": 0.2027813402,
      "stddev": 0.002106919338201372,
      "median": 0.20282756000000002,
      "user": 0.19264944,
      "system": 0.001978984,
      "min": 0.19934840950000002,
      "max": 0.20522801050000003,
      "times": [
        0.20305591050000002,
        0.20132751050000003,
        0.19981261050000002,
        0.20243730950000002,
        0.20502981050000002,
        0.20259920950000002,
        0.20522801050000003,
        0.19934840950000002,
        0.20476171050000003,
        0.2042129105
      ],
      "exit_codes": [
        0,
        0,
        0,
        0,
        0,
        0,
        0,
        0,
        0,
        0
      ]
    },
    {
      "command": "./bb_gemm_0_8",
      "mean": 0.20412066060000003,
      "stddev": 0.0025333428759009946,
      "median": 0.20389781050000003,
      "user": 0.19471534000000001,
      "system": 0.000973042,
      "min": 0.20089711150000003,
      "max": 0.21002211150000002,
      "times": [
        0.2026194105,
        0.20324491050000001,
        0.20560750950000004,
        0.20408061050000004,
        0.20489370950000002,
        0.20371501050000002,
        0.20453111150000003,
        0.20089711150000003,
        0.21002211150000002,
        0.20159511050000004
      ],
      "exit_codes": [
        0,
        0,
        0,
        0,
        0,
        0,
        0,
        0,
        0,
        0
      ]
    },
    {
      "command": "./bb_gemm_0_16",
      "mean": 0.20147431150000003,
      "stddev": 0.001487446265696119,
      "median": 0.20111606150000003,
      "user": 0.19211383999999998,
      "system": 0.001011042,
      "min": 0.19961721150000003,
      "max": 0.20384801150000004,
      "times": [
        0.20295691150000003,
        0.19961721150000003,
        0.20030081150000004,
        0.20122971150000002,
        0.20039281150000002,
        0.20100241150000003,
        0.20384801150000004,
        0.20001891150000004,
        0.20208121150000002,
        0.20329511150000001
      ],
      "exit_codes": [
        0,
        0,
        0,
        0,
        0,
        0,
        0,
        0,
        0,
        0
      ]
    },
    {
      "command": "./bb_gemm_0_32",
      "mean": 0.2030370022,
      "stddev": 0.002608711113978235,
      "median": 0.20426566250000003,
      "user": 0.19138964000000003,
      "system": 0.002888426,
      "min": 0.19956131250000003,
      "max": 0.2060440115,
      "times": [
        0.19993531150000002,
        0.20442501250000003,
        0.20415371250000003,
        0.20494331150000003,
        0.20437761250000003,
        0.20589131250000003,
        0.2060440115,
        0.19956131250000003,
        0.20125231250000003,
        0.19978611250000003
      ],
      "exit_codes": [
        0,
        0,
        0,
        0,
        0,
        0,
        0,
        0,
        0,
        0
      ]
    },
    {
      "command": "./bb_gemm_0_64",
      "mean": 0.20347930930000002,
      "stddev": 0.0020379986847995344,
      "median": 0.20386050900000002,
      "user": 0.19017504000000002,
      "system": 0.004050726,
      "min": 0.19886180950000001,
      "max": 0.20616870850000002,
      "times": [
        0.20616870850000002,
        0.20341330850000003,
        0.20166160950000003,
        0.20457480950000004,
        0.20502750950000004,
        0.20430770950000002,
        0.19886180950000001,
        0.20299820950000003,
        0.20331230950000004,
        0.20446710950000002
      ],
      "exit_codes": [
        0,
        0,
        0,
        0,
        0,
        0,
        0,
        0,
        0,
        0
      ]
    }
  ]
}
