{
  "results": [
    {
      "command": "./fft_base",
      "mean": 0.007341971828571429,
      "stddev": 0.001089484879097281,
      "median": 0.007199386,
      "user": 0.0004108868571428573,
      "system": 0.000012565714285714287,
      "min": 0.005636686,
      "max": 0.010268886,
      "times": [
        0.009276386,
        0.009222387,
        0.006305386,
        0.0067287860000000005,
        0.006604186,
        0.005895286999999999,
        0.006238585999999999,
        0.008637986,
        0.006146686,
        0.007733087,
        0.008126986,
        0.007931786,
        0.0063620859999999994,
        0.007584586000000001,
        0.006128086,
        0.007181886,
        0.007129786000000001,
        0.008874886,
        0.005636686,
        0.007199386,
        0.007270486,
        0.007055987,
        0.0074277860000000005,
        0.007527986,
        0.0063249859999999995,
        0.0063544859999999995,
        0.010268886,
        0.007254686,
        0.006932986,
        0.009355586,
        0.007612885999999999,
        0.006888386,
        0.0076196860000000005,
        0.006702286,
        0.007426986
      ],
      "exit_codes": [
        0,
        0,
        0,
        0,
        0,
        0,
        0,
        0,
        0,
        0,
        0,
        0,
        0,
        0,
        0,
        0,
        0,
        0,
        0,
        0,
        0,
        0,
        0,
        0,
        0,
        0,
        0,
        0,
        0,
        0,
        0,
        0,
        0,
        0,
        0
      ]
    },
    {
      "command": "./fft_23_2",
      "mean": 0.007749656351351351,
      "stddev": 0.001016654052747957,
      "median": 0.007671486,
      "user": 0.0004135145945945946,
      "system": 0.00003898378378378378,
      "min": 0.005955986,
      "max": 0.009750286,
      "times": [
        0.0076748860000000006,
        0.008782486,
        0.0060625869999999995,
        0.008715286000000001,
        0.007034586000000001,
        0.0073126860000000005,
        0.008590886,
        0.007671486,
        0.007421186,
        0.008538586,
        0.0075974860000000005,
        0.007755087000000001,
        0.007156786,
        0.006919186000000001,
        0.008387586,
        0.007669486,
        0.006866686,
        0.007363586,
        0.009449986,
        0.005955986,
        0.009186087,
        0.008830286,
        0.007781786000000001,
        0.009750286,
        0.008443186,
        0.006915586,
        0.009039686,
        0.008599786,
        0.006006386000000001,
        0.007155886,
        0.007469886,
        0.006468186000000001,
        0.008795286,
        0.006070786,
        0.008700786,
        0.007828986,
        0.006767886000000001
      ],
      "exit_codes": [
        0,
        0,
        0,
        0,
        0,
        0,
        0,
        0,
        0,
        0,
        0,
        0,
        0,
        0,
        0,
        0,
        0,
        0,
        0,
        0,
        0,
        0,
        0,
        0,
        0,
        0,
        0,
        0,
        0,
        0,
        0,
        0,
        0,
        0,
        0,
        0,
        0
      ]
    },
    {
      "command": "./fft_23_4",
      "mean": 0.0079410045,
      "stddev": 0.0008258882414611049,
      "median": 0.008093535999999998,
      "user": 0.0003683678947368421,
      "system": 0.0000666842105263158,
      "min": 0.006296886,
      "max": 0.010120286000000001,
      "times": [
        0.008431586,
        0.008655786,
        0.008535486,
        0.008220186,
        0.007353686999999999,
        0.008249786,
        0.007264687000000001,
        0.006861786,
        0.007820086,
        0.007830486,
        0.007378086000000001,
        0.008529086,
        0.007061586,
        0.007763885999999999,
        0.007908186,
        0.007438086,
        0.006822485999999999,
        0.008277586,
        0.0067201859999999995,
        0.010120286000000001,
        0.006296886,
        0.009201886,
        0.008122586,
        0.007382687000000001,
        0.0067242859999999995,
        0.006883686,
        0.008226286,
        0.008064486,
        0.007709885999999999,
        0.007866086,
        0.008449586,
        0.008161186,
        0.008164786,
        0.008149886,
        0.008363286,
        0.008511386,
        0.010004786,
        0.008231486
      ],
      "exit_codes": [
        0,
        0,
        0,
        0,
        0,
        0,
        0,
        0,
        0,
        0,
        0,
        0,
        0,
        0,
        0,
        0,
        0,
        0,
        0,
        0,
        0,
        0,
        0,
        0,
        0,
        0,
        0,
        0,
        0,
        0,
        0,
        0,
        0,
        0,
        0,
        0,
        0,
        0
      ]
    },
    {
      "command": "./fft_23_8",
      "mean": 0.008133254236842104,
      "stddev": 0.001248983063759764,
      "median": 0.008012985,
      "user": 0.0003840273684210528,
      "system": 0.00005161052631578947,
      "min": 0.0060482850000000005,
      "max": 0.012153185,
      "times": [
        0.009243786,
        0.008610386,
        0.008853486,
        0.006696986,
        0.006826486,
        0.007746886999999999,
        0.006412286,
        0.008801187,
        0.006614986,
        0.008452886,
        0.008178786,
        0.0073300859999999995,
        0.010071286,
        0.008358486,
        0.0071451859999999996,
        0.008030486,
        0.007636786,
        0.008939686,
        0.009360985,
        0.007812085999999999,
        0.008015385,
        0.007513786,
        0.008219285,
        0.008192486,
        0.0060482850000000005,
        0.007594886,
        0.006737086,
        0.007839586,
        0.008592786,
        0.010721785000000001,
        0.009718786,
        0.007635985,
        0.0071096860000000005,
        0.012153185,
        0.009545286,
        0.006885585,
        0.007405986,
        0.008010585
      ],
      "exit_codes": [
        0,
        0,
        0,
        0,
        0,
        0,
        0,
        0,
        0,
        0,
        0,
        0,
        0,
        0,
        0,
        0,
        0,
        0,
        0,
        0,
        0,
        0,
        0,
        0,
        0,
        0,
        0,
        0,
        0,
        0,
        0,
        0,
        0,
        0,
        0,
        0,
        0,
        0
      ]
    },
    {
      "command": "./fft_23_16",
      "mean": 0.008370201205128205,
      "stddev": 0.0008620067988831638,
      "median": 0.008246386,
      "user": 0.00033740820512820514,
      "system": 0.00008724615384615383,
      "min": 0.006672885999999999,
      "max": 0.011103386,
      "times": [
        0.007290685,
        0.008488986,
        0.008132885,
        0.009014686000000001,
        0.007891885,
        0.008377786,
        0.009160185,
        0.008545086,
        0.007939286,
        0.009367886,
        0.007915885,
        0.009382586,
        0.007816185,
        0.008467086,
        0.007996586,
        0.007768786,
        0.007852786,
        0.008164086,
        0.007710786000000001,
        0.007643986,
        0.007553984999999999,
        0.011103386,
        0.007236685999999999,
        0.006672885999999999,
        0.009272586,
        0.008139486,
        0.008542686,
        0.009048386,
        0.008565086,
        0.008737986,
        0.008246386,
        0.007284486,
        0.009058086,
        0.008302986,
        0.008463286,
        0.008038886,
        0.008444586,
        0.010713086,
        0.008084786
      ],