{
  "results": [
    {
      "command": "./fft_base",
      "mean": 0.01047083464162162,
      "stddev": 0.002864481210945393,
      "median": 0.01024148602,
      "user": 0.0008178745945945947,
      "system": 0.00015638378378378376,
      "min": 0.007899486019999999,
      "max": 0.02603098602,
      "times": [
        0.009489886020000001,
        0.00926878602,
        0.010175585019999999,
        0.010476486020000002,
        0.01124488602,
        0.00958988602,
        0.00912968602,
        0.02603098602,
        0.01125738602,
        0.01047558602,
        0.009367686020000002,
        0.01011038602,
        0.01081028602,
        0.01212898602,
        0.011340386019999999,
        0.010838586019999999,
        0.00860788602,
        0.01024148602,
        0.00818568602,
        0.00997028602,
        0.008935986020000002,
        0.010164086020000001,
        0.01041498602,
        0.01165508602,
        0.008369286019999998,
        0.01096038602,
        0.00970318602,
        0.01092658602,
        0.00819268602,
        0.012008186019999999,
        0.01066478602,
        0.008556186019999999,
        0.010380086020000002,
        0.008223886020000001,
        0.011269386020000001,
        0.01035578602,
        0.007899486019999999
      ],
      "exit_codes": [
        0,
        0,
        0,
        0,
        0,
        0,
        0,
        0,
        0,
        0,
        0,
        0,
        0,
        0,
        0,
        0,
        0,
        0,
        0,
        0,
        0,
        0,
        0,
        0,
        0,
        0,
        0,
        0,
        0,
        0,
        0,
        0,
        0,
        0,
        0,
        0,
        0
      ]
    },
    {
      "command": "./fft_28_2",
      "mean": 0.010660258747272727,
      "stddev": 0.00108586563374363,
      "median": 0.010968486020000001,
      "user": 0.0006919715151515153,
      "system": 0.00014183030303030301,
      "min": 0.008094686019999998,
      "max": 0.012067186019999999,
      "times": [
        0.01139628602,
        0.008362986020000001,
        0.009735586019999999,
        0.012025686019999999,
        0.00959648602,
        0.009621686019999999,
        0.01133448602,
        0.01126908602,
        0.008850686020000002,
        0.008094686019999998,
        0.010968486020000001,
        0.00901408602,
        0.00910568602,
        0.012067186019999999,
        0.011616186019999999,
        0.011875786020000001,
        0.010778486019999999,
        0.010940386020000002,
        0.01004458602,
        0.01139218602,
        0.011930686020000001,
        0.00981678602,
        0.011376286020000001,
        0.01132748602,
        0.010891186019999999,
        0.01045688602,
        0.01054508602,
        0.01143128602,
        0.01156458602,
        0.011296786020000001,
        0.01102878602,
        0.01078868602,
        0.01124328602
      ],
      "exit_codes": [
        0,
        0,
        0,
        0,
        0,
        0,
        0,
        0,
        0,
        0,
        0,
        0,
        0,
        0,
        0,
        0,
        0,
        0,
        0,
        0,
        0,
        0,
        0,
        0,
        0,
        0,
        0,
        0,
        0,
        0,
        0,
        0,
        0
      ]
    },
    {
      "command": "./fft_28_4",
      "mean": 0.01032794181411765,
      "stddev": 0.0009893407541045549,
      "median": 0.01014373602,
      "user": 0.0007355541176470588,
      "system": 0.00009660588235294116,
      "min": 0.00866458602,
      "max": 0.012774786020000001,
      "times": [
        0.010944986019999998,
        0.00991608602,
        0.012774786020000001,
        0.009758986019999999,
        0.010550186020000001,
        0.010765786020000001,
        0.010744786020000001,
        0.00977168602,
        0.00977748602,
        0.009062586019999999,
        0.00951098602,
        0.01007738502,
        0.01043168602,
        0.00996958602,
        0.01018118602,
        0.009199986019999998,
        0.00866458602,
        0.00931958602,
        0.009822286020000001,
        0.00940888602,
        0.01141738502,
        0.00877968602,
        0.01208858602,
        0.01112418602,
        0.010038386020000001,
        0.01010628602,
        0.01207688602,
        0.010368386019999998,
        0.01080328602,
        0.01057338502,
        0.01156818602,
        0.009430086019999999,
        0.01018128602,
        0.011940486020000002
      ],
      "exit_codes": [
        0,
        0,
        0,
        0,
        0,
        0,
        0,
        0,
        0,
        0,
        0,
        0,
        0,
        0,
        0,
        0,
        0,
        0,
        0,
        0,
        0,
        0,
        0,
        0,
        0,
        0,
        0,
        0,
        0,
        0,
        0,
        0,
        0,
        0
      ]
    },
    {
      "command": "./fft_28_8",
      "mean": 0.012310532801250003,
      "stddev": 0.005214955586711481,
      "median": 0.01077803602,
      "user": 0.0009388225,
      "system": 0.0002016875,
      "min": 0.009733386020000002,
      "max": 0.03162198602,
      "times": [
        0.01167498602,
        0.01078358602,
        0.010360886020000001,
        0.009861886019999998,
        0.010242686019999999,
        0.010530386020000001,
        0.01041358602,
        0.00992528502,
        0.01047208602,
        0.012389286020000001,
        0.010464186019999999,
        0.01077248602,
        0.01891318602,
        0.03162198602,
        0.009868486020000001,
        0.01004868602,
        0.01163298602,
        0.009733386020000002,
        0.01081048602,
        0.010657686020000001,
        0.01113108602,
        0.009910486020000001,
        0.01205538602,
        0.030806485020000003,
        0.01169008602,
        0.01108368602,
        0.009776086020000001,
        0.012293486020000001,
        0.01045518602,
        0.010951586020000001,
        0.01127188602,
        0.01133338502
      ],
      "exit_codes": [
        0,
        0,
        0,
        0,
        0,
        0,
        0,
        0,
        0,
        0,
        0,
        0,
        0,
        0,
        0,
        0,
        0,
        0,
        0,
        0,
        0,
        0,
        0,
        0,
        0,
        0,
        0,
        0,
        0,
        0,
        0,
        0
      ]
    },
    {
      "command": "./fft_28_16",
      "mean": 0.010728727686666668,
      "stddev": 0.0012840502445387412,
      "median": 0.01073348602,
      "user": 0.0006916549999999999,
      "system": 0.00014810555555555554,
      "min": 0.008114486019999999,
      "max": 0.012882786020000002,
      "times": [
        0.009985786020000002,
        0.01125968602,
        0.009858886019999999,
        0.01239228602,
        0.012143286020000001,
        0.00934648602,
        0.010558886020000002,
        0.01138218602,
        0.01077288602,
        0.00996898602,
        0.01095518602,
        0.01134538602,
        0.009158486019999999,
        0.008114486019999999,
        0.00938888602,
        0.01129528602,
        0.01006798602,
        0.011160486019999999,
        0.010388286020000002,
        0.010499886020000002,
        0.01069408602,
        0.012882786020000002,
        0.00869438602,
        0.009589686020000002,
        0.00999188602,
        0.01217208602,
        0.011136186020000001,
        0.012088186019999999,
        0.01257638602,
        0.012291586020000002,
        0.009545286020000002,
        0.008602286019999999,
        0.012868086019999999,
        0.01258738602,
        0.01084708602,
        0.009623086020000001
      ],