{
  "results": [
    {
      "command": "./fft_base",
      "mean": 0.009825780860465117,
      "stddev": 0.002556979868548167,
      "median": 0.009236332,
      "user": 0.0009548818604651161,
      "system": 0.00014199767441860466,
      "min": 0.008064932,
      "max": 0.025190432000000002,
      "times": [
        0.009247532000000001,
        0.008640532000000001,
        0.009601732,
        0.025190432000000002,
        0.009494032000000001,
        0.008785932,
        0.009091832000000001,
        0.008932432,
        0.008758132,
        0.008587232,
        0.008064932,
        0.009224432000000001,
        0.009993132,
        0.009181632,
        0.008593332,
        0.012293433000000001,
        0.009472732000000001,
        0.009065632,
        0.008924532,
        0.008780032,
        0.009352232,
        0.009173232,
        0.009067132,
        0.008745432000000001,
        0.009448932,
        0.008922332,
        0.011074032000000001,
        0.009273132,
        0.010836632,
        0.009417132,
        0.009242232,
        0.008701832,
        0.011639332,
        0.011636832,
        0.009808932000000001,
        0.009663432,
        0.009229432000000001,
        0.009131232,
        0.008656432,
        0.010056732,
        0.009236332,
        0.010048632,
        0.010223332
      ],
      "exit_codes": [
        0,
        0,
        0,
        0,
        0,
        0,
        0,
        0,
        0,
        0,
        0,
        0,
        0,
        0,
        0,
        0,
        0,
        0,
        0,
        0,
        0,
        0,
        0,
        0,
        0,
        0,
        0,
        0,
        0,
        0,
        0,
        0,
        0,
        0,
        0,
        0,
        0,
        0,
        0,
        0,
        0,
        0,
        0
      ]
    },
    {
      "command": "./fft_12_2",
      "mean": 0.009948200292682927,
      "stddev": 0.003156212591654674,
      "median": 0.009433532,
      "user": 0.001009879024390244,
      "system": 0.00011037756097560976,
      "min": 0.007707232,
      "max": 0.028615032000000002,
      "times": [
        0.008577632,
        0.009022732,
        0.009311932,
        0.009280232000000001,
        0.008579932,
        0.009493032,
        0.028615032000000002,
        0.008754932,
        0.009394532,
        0.007996432,
        0.009803132,
        0.009525732,
        0.009001032,
        0.011447732,
        0.009713632,
        0.008594732,
        0.011215032,
        0.009555932,
        0.009997632000000001,
        0.009664932000000001,
        0.010145432000000001,
        0.008825432000000001,
        0.009659632,
        0.009433532,
        0.009632432,
        0.011398932,
        0.009350032000000001,
        0.009752132,
        0.009933932000000001,
        0.009574232,
        0.009071932,
        0.013545232,
        0.008964332,
        0.008352732,
        0.008164332,
        0.007707232,
        0.009154732,
        0.009519932,
        0.009123432,
        0.009354332,
        0.009666332
      ],
      "exit_codes": [
        0,
        0,
        0,
        0,
        0,
        0,
        0,
        0,
        0,
        0,
        0,
        0,
        0,
        0,
        0,
        0,
        0,
        0,
        0,
        0,
        0,
        0,
        0,
        0,
        0,
        0,
        0,
        0,
        0,
        0,
        0,
        0,
        0,
        0,
        0,
        0,
        0,
        0,
        0,
        0,
        0
      ]
    },
    {
      "command": "./fft_12_4",
      "mean": 0.009085645157894737,
      "stddev": 0.0007802323046898598,
      "median": 0.008967582000000002,
      "user": 0.0008534136842105264,
      "system": 0.00013559157894736844,
      "min": 0.007617232,
      "max": 0.011064032,
      "times": [
        0.008932432,
        0.008720032,
        0.008679732,
        0.009622932,
        0.008939732,
        0.009493932,
        0.010493932000000001,
        0.007856132,
        0.008433232,
        0.008331732,
        0.007617232,
        0.009291132,
        0.008281632,
        0.009083732,
        0.009263532,
        0.008712832,
        0.009085632,
        0.008508532000000001,
        0.008044432,
        0.008130232000000001,
        0.009972532000000001,
        0.009075332,
        0.008905632,
        0.010076632,
        0.008634332,
        0.010814632000000001,
        0.009941232000000001,
        0.009398632,
        0.011064032,
        0.009229332,
        0.008833232,
        0.009830732,
        0.008521632,
        0.008768532,
        0.008592732,
        0.010004032000000001,
        0.009073132000000001,
        0.008995432000000001
      ],
      "exit_codes": [
        0,
        0,
        0,
        0,
        0,
        0,
        0,
        0,
        0,
        0,
        0,
        0,
        0,
        0,
        0,
        0,
        0,
        0,
        0,
        0,
        0,
        0,
        0,
        0,
        0,
        0,
        0,
        0,
        0,
        0,
        0,
        0,
        0,
        0,
        0,
        0,
        0,
        0
      ]
    },
    {
      "command": "./fft_12_8",
      "mean": 0.008969978688888889,
      "stddev": 0.000803593951913805,
      "median": 0.008933732,
      "user": 0.0009178399999999998,
      "system": 0.00006596266666666667,
      "min": 0.006598032,
      "max": 0.010759932,
      "times": [
        0.009071132,
        0.009871932,
        0.008745032,
        0.009153532,
        0.008926132,
        0.008567932,
        0.009850232,
        0.009382932,
        0.009422432,
        0.008803032,
        0.008933732,
        0.010317432,
        0.008687932,
        0.006598032,
        0.009614133,
        0.0076495320000000006,
        0.008150032,
        0.008517632,
        0.008432832,
        0.008992932,
        0.008881632,
        0.008769832,
        0.008372132000000001,
        0.009175432,
        0.008770432,
        0.010193832,
        0.010759732000000001,
        0.009360332,
        0.008455232,
        0.008401132,
        0.008971832,
        0.007229532,
        0.008007132,
        0.009753332,
        0.009177432000000001,
        0.009002832,
        0.009478132,
        0.009364132,
        0.008175932,
        0.008561832,
        0.009348832,
        0.008903032,
        0.008727032000000001,
        0.010759932,
        0.009359832
      ],
      "exit_codes": [
        0,
        0,
        0,
        0,
        0,
        0,
        0,
        0,
        0,
        0,
        0,
        0,
        0,
        0,
        0,
        0,
        0,
        0,
        0,
        0,
        0,
        0,
        0,
        0,
        0,
        0,
        0,
        0,
        0,
        0,
        0,
        0,
        0,
        0,
        0,
        0,
        0,
        0,
        0,
        0,
        0,
        0,
        0,
        0,
        0
      ]
    },
    {
      "command": "./fft_12_16",
      "mean": 0.009492142256410256,
      "stddev": 0.0008511025028857299,
      "median": 0.009472932,
      "user": 0.0009031066666666665,
      "system": 0.00008741846153846152,
      "min": 0.006781532,
      "max": 0.011230032000000001,