{
  "results": [
    {
      "command": "./fft_base",
      "mean": 0.010672482884761907,
      "stddev": 0.002688819845442196,
      "median": 0.010180777980000002,
      "user": 0.0010911200000000003,
      "system": 0.00014904761904761904,
      "min": 0.008060427980000002,
      "max": 0.02580962798,
      "times": [
        0.01043242798,
        0.010939228980000002,
        0.01174482798,
        0.008496527980000002,
        0.010184227980000002,
        0.00930812798,
        0.01188092798,
        0.010009927980000001,
        0.008808428980000001,
        0.009685027980000002,
        0.02580962798,
        0.01012422798,
        0.011535227980000002,
        0.010389727980000001,
        0.008060427980000002,
        0.00989112798,
        0.008556127980000001,
        0.008917827980000001,
        0.011778827980000002,
        0.009235227980000002,
        0.013316727980000002,
        0.009835327980000001,
        0.010177327980000001,
        0.009655227980000002,
        0.01022822798,
        0.009575327980000001,
        0.012236627980000001,
        0.009019927980000002,
        0.010326128980000002,
        0.01135312798,
        0.010810327980000001,
        0.012343427980000002,
        0.010217927980000001,
        0.012550827980000002,
        0.010503728980000002,
        0.00925722898,
        0.01010642798,
        0.01219082798,
        0.010032027980000002,
        0.010658427980000001,
        0.009403628980000002,
        0.008657427980000002
      ],
      "exit_codes": [
        0,
        0,
        0,
        0,
        0,
        0,
        0,
        0,
        0,
        0,
        0,
        0,
        0,
        0,
        0,
        0,
        0,
        0,
        0,
        0,
        0,
        0,
        0,
        0,
        0,
        0,
        0,
        0,
        0,
        0,
        0,
        0,
        0,
        0,
        0,
        0,
        0,
        0,
        0,
        0,
        0,
        0
      ]
    },
    {
      "command": "./fft_6_2",
      "mean": 0.010217794028780489,
      "stddev": 0.0007676154479807568,
      "median": 0.010066827980000002,
      "user": 0.0010177175609756102,
      "system": 0.00009178048780487804,
      "min": 0.008962928980000002,
      "max": 0.01248002798,
      "times": [
        0.010256328980000002,
        0.009878827980000001,
        0.011854727980000002,
        0.009528627980000001,
        0.009430127980000001,
        0.011826128980000001,
        0.009989827980000001,
        0.011657527980000002,
        0.01047592798,
        0.009807227980000001,
        0.00985082798,
        0.010226327980000002,
        0.010355028980000002,
        0.009631527980000002,
        0.00987892798,
        0.00985432798,
        0.01248002798,
        0.010339027980000002,
        0.010125728980000002,
        0.010903627980000002,
        0.009789127980000001,
        0.010545827980000002,
        0.01136072798,
        0.01004382898,
        0.009143027980000001,
        0.010615627980000002,
        0.010131128980000001,
        0.009864227980000001,
        0.010130727980000002,
        0.010119427980000002,
        0.009224728980000001,
        0.009653227980000002,
        0.01035062798,
        0.010902027980000001,
        0.010066827980000002,
        0.009768527980000002,
        0.009193427980000002,
        0.009820127980000001,
        0.010883827980000002,
        0.010008927980000002,
        0.008962928980000002
      ],
      "exit_codes": [
        0,
        0,
        0,
        0,
        0,
        0,
        0,
        0,
        0,
        0,
        0,
        0,
        0,
        0,
        0,
        0,
        0,
        0,
        0,
        0,
        0,
        0,
        0,
        0,
        0,
        0,
        0,
        0,
        0,
        0,
        0,
        0,
        0,
        0,
        0,
        0,
        0,
        0,
        0,
        0,
        0
      ]
    },
    {
      "command": "./fft_6_4",
      "mean": 0.010023535979999998,
      "stddev": 0.000889042313305667,
      "median": 0.009913627980000003,
      "user": 0.0010615410526315793,
      "system": 0.00004307894736842105,
      "min": 0.008707428980000001,
      "max": 0.012713527980000002,
      "times": [
        0.011165927980000002,
        0.01020312798,
        0.009180427980000001,
        0.009468727980000001,
        0.00964752798,
        0.008707428980000001,
        0.012133227980000001,
        0.01036962798,
        0.009927227980000002,
        0.008905227980000001,
        0.00880422798,
        0.01002672798,
        0.00955672798,
        0.010374527980000001,
        0.009183227980000002,
        0.01054432798,
        0.010022127980000002,
        0.010584427980000002,
        0.009287627980000001,
        0.009698227980000002,
        0.01006872798,
        0.008729828980000002,
        0.009900027980000002,
        0.009728527980000002,
        0.009211228980000001,
        0.00988912798,
        0.009108427980000002,
        0.011040527980000001,
        0.01086532798,
        0.009793427980000002,
        0.010276528980000001,
        0.010666027980000001,
        0.010573027980000002,
        0.012713527980000002,
        0.009266127980000002,
        0.01004832798,
        0.00988942798,
        0.011335527980000001
      ],
      "exit_codes": [
        0,
        0,
        0,
        0,
        0,
        0,
        0,
        0,
        0,
        0,
        0,
        0,
        0,
        0,
        0,
        0,
        0,
        0,
        0,
        0,
        0,
        0,
        0,
        0,
        0,
        0,
        0,
        0,
        0,
        0,
        0,
        0,
        0,
        0,
        0,
        0,
        0,
        0
      ]
    },
    {
      "command": "./fft_6_8",
      "mean": 0.009753194749230771,
      "stddev": 0.0011200634606614338,
      "median": 0.009606027980000001,
      "user": 0.0009698764102564103,
      "system": 0.00014046153846153844,
      "min": 0.007866427980000002,
      "max": 0.013779327980000002,
      "times": [
        0.00947232798,
        0.010577128980000001,
        0.010680627980000001,
        0.009707827980000002,
        0.013779327980000002,
        0.009434527980000001,
        0.008410127980000001,
        0.00885972798,
        0.009497827980000002,
        0.00903352798,
        0.009606027980000001,
        0.010619028980000002,
        0.00907822798,
        0.00937152798,
        0.011265428980000002,
        0.008170327980000001,
        0.009434227980000001,
        0.009080128980000001,
        0.007866427980000002,
        0.00966392798,
        0.009310627980000001,
        0.008371827980000001,
        0.008521127980000001,
        0.009390627980000002,
        0.01008862798,
        0.010068927980000001,
        0.01031032798,
        0.00967822798,
        0.010531227980000002,
        0.009703827980000001,
        0.012705027980000002,
        0.010166827980000001,
        0.008966527980000001,
        0.00991892798,
        0.009358727980000002,
        0.00902682798,
        0.010762727980000001,
        0.009750027980000001,
        0.01013532798
      ],
      "exit_codes": [
        0,
        0,
        0,
        0,
        0,
        0,
        0,
        0,
        0,
        0,
        0,
        0,
        0,
        0,
        0,
        0,
        0,
        0,
        0,
        0,
        0,
        0,
        0,
        0,
        0,
        0,
        0,
        0,
        0,
        0,
        0,
        0,
        0,
        0,
        0,
        0,
        0,
        0,
        0
      ]
    },
    {
      "command": "./fft_6_16",
      "mean": 0.010231728024444449,
      "stddev": 0.0010774715186934168,
      "median": 0.010110627980000002,
      "user": 0.0009371533333333333,
      "system": 0.00018075555555555558,
      "min": 0.008502427980000001,
      "max": 0.014622427980000002,