{
  "results": [
    {
      "command": "./fft_base",
      "mean": 0.007803460956190475,
      "stddev": 0.0014012250446217044,
      "median": 0.00757624198,
      "user": 0.0002106595238095238,
      "system": 0.00012498095238095238,
      "min": 0.005623141979999999,
      "max": 0.011817641979999998,
      "times": [
        0.00760774198,
        0.009472141980000001,
        0.01064784198,
        0.011817641979999998,
        0.007741641979999999,
        0.005796541979999999,
        0.00791384198,
        0.008173241979999999,
        0.007166241979999999,
        0.00701214198,
        0.00834094098,
        0.00863754198,
        0.00838344198,
        0.006040241979999999,
        0.009778641979999999,
        0.005623141979999999,
        0.007991741979999998,
        0.00751104198,
        0.007307641979999999,
        0.00848784198,
        0.006589941979999999,
        0.00831114098,
        0.008400541979999999,
        0.010073641979999999,
        0.00735884198,
        0.00634674198,
        0.007874340979999998,
        0.007856641979999999,
        0.00671444198,
        0.007544741979999999,
        0.010119341979999998,
        0.006701141979999999,
        0.007126441979999999,
        0.007365141979999999,
        0.00698464198,
        0.006551941979999999,
        0.00683984198,
        0.005801541979999999,
        0.006134541979999999,
        0.00677814198,
        0.009167141979999998,
        0.009653241980000001
      ],
      "exit_codes": [
        0,
        0,
        0,
        0,
        0,
        0,
        0,
        0,
        0,
        0,
        0,
        0,
        0,
        0,
        0,
        0,
        0,
        0,
        0,
        0,
        0,
        0,
        0,
        0,
        0,
        0,
        0,
        0,
        0,
        0,
        0,
        0,
        0,
        0,
        0,
        0,
        0,
        0,
        0,
        0,
        0,
        0
      ]
    },
    {
      "command": "./fft_27_2",
      "mean": 0.007765310868888887,
      "stddev": 0.003070950086686398,
      "median": 0.00738394198,
      "user": 0.0002999906666666666,
      "system": 0.00007928,
      "min": 0.005910241979999999,
      "max": 0.02741754198,
      "times": [
        0.00660024198,
        0.00758114198,
        0.007943341980000001,
        0.007016741979999999,
        0.00782664198,
        0.02741754198,
        0.00780084198,
        0.007702541979999999,
        0.00777654198,
        0.00723974198,
        0.007993441979999998,
        0.006868941979999999,
        0.00727154198,
        0.00708774198,
        0.0075768419799999995,
        0.0076101419799999995,
        0.008318941980000001,
        0.00733604198,
        0.00718794198,
        0.006255241979999999,
        0.00775234198,
        0.006912441979999999,
        0.008110141979999999,
        0.007229641979999999,
        0.008796841980000001,
        0.00737464198,
        0.00619334198,
        0.00834014198,
        0.007433241979999999,
        0.006335141979999999,
        0.00724784198,
        0.006198741979999999,
        0.006355041979999999,
        0.006956241979999999,
        0.008208941979999999,
        0.00700604198,
        0.006570041979999999,
        0.00796324198,
        0.005910241979999999,
        0.0074991419799999995,
        0.00762464198,
        0.008024841979999999,
        0.00738394198,
        0.00601614198,
        0.00758384198
      ],
      "exit_codes": [
        0,
        0,
        0,
        0,
        0,
        0,
        0,
        0,
        0,
        0,
        0,
        0,
        0,
        0,
        0,
        0,
        0,
        0,
        0,
        0,
        0,
        0,
        0,
        0,
        0,
        0,
        0,
        0,
        0,
        0,
        0,
        0,
        0,
        0,
        0,
        0,
        0,
        0,
        0,
        0,
        0,
        0,
        0,
        0,
        0
      ]
    },
    {
      "command": "./fft_27_4",
      "mean": 0.007854049027619046,
      "stddev": 0.0007008657454041571,
      "median": 0.007785591979999999,
      "user": 0.00021586571428571427,
      "system": 0.00006550952380952382,
      "min": 0.0061261419799999986,
      "max": 0.00964244098,
      "times": [
        0.008741241979999998,
        0.007831541979999999,
        0.00855684198,
        0.008756040980000001,
        0.00857314198,
        0.008105741980000001,
        0.00764984198,
        0.008050041979999999,
        0.00794534198,
        0.00876134098,
        0.007915041979999999,
        0.008525141979999998,
        0.00736934198,
        0.00730944198,
        0.007634741979999999,
        0.00842134198,
        0.006939341979999999,
        0.007079541979999999,
        0.00745234198,
        0.007420041979999999,
        0.00741664198,
        0.008186241979999998,
        0.00815684198,
        0.007002140979999999,
        0.00775144198,
        0.00745054198,
        0.006594841979999999,
        0.0061261419799999986,
        0.00964244098,
        0.00794654198,
        0.007389141979999999,
        0.00767194198,
        0.00751744198,
        0.007660441979999999,
        0.00788154198,
        0.00757204198,
        0.007248041979999999,
        0.00781974198,
        0.00873324198,
        0.008710741979999999,
        0.00911944198,
        0.00723504198
      ],
      "exit_codes": [
        0,
        0,
        0,
        0,
        0,
        0,
        0,
        0,
        0,
        0,
        0,
        0,
        0,
        0,
        0,
        0,
        0,
        0,
        0,
        0,
        0,
        0,
        0,
        0,
        0,
        0,
        0,
        0,
        0,
        0,
        0,
        0,
        0,
        0,
        0,
        0,
        0,
        0,
        0,
        0,
        0,
        0
      ]
    },
    {
      "command": "./fft_27_8",
      "mean": 0.007547710101951221,
      "stddev": 0.0008159983284318415,
      "median": 0.007607241979999999,
      "user": 0.0002012556097560975,
      "system": 0.00012122439024390242,
      "min": 0.00636984198,
      "max": 0.009803340979999998,
      "times": [
        0.00828304198,
        0.00770064198,
        0.00732064198,
        0.008526841979999998,
        0.007607241979999999,
        0.008096741979999999,
        0.007893441979999999,
        0.00706824198,
        0.00688974198,
        0.009803340979999998,
        0.00636984198,
        0.00926684198,
        0.007272841979999999,
        0.006753640979999999,
        0.0070554419799999995,
        0.006458741979999999,
        0.00821444198,
        0.007482641979999999,
        0.00783994198,
        0.00842904198,
        0.007958841979999999,
        0.008429240979999999,
        0.00881174198,
        0.007616941979999999,
        0.0077614419799999996,
        0.007179740979999999,
        0.006992141979999999,
        0.0074842419799999995,
        0.00770264198,
        0.008022640979999999,
        0.006502841979999999,
        0.00664404198,
        0.00763284198,
        0.008535740979999998,
        0.006461041979999999,
        0.006637241979999999,
        0.00665874198,
        0.00788394098,
        0.0068372419799999995,
        0.00673694198,
        0.006632541979999999
      ],
      "exit_codes": [
        0,
        0,
        0,
        0,
        0,
        0,
        0,
        0,
        0,
        0,
        0,
        0,
        0,
        0,
        0,
        0,
        0,
        0,
        0,
        0,
        0,
        0,
        0,
        0,
        0,
        0,
        0,
        0,
        0,
        0,
        0,
        0,
        0,
        0,
        0,
        0,
        0,
        0,
        0,
        0,
        0
      ]
    },
    {
      "command": "./fft_27_16",
      "mean": 0.008394524937446808,
      "stddev": 0.002975632623373704,
      "median": 0.00779824198,