{
  "results": [
    {
      "command": "./fft_base",
      "mean": 0.008899469268888889,
      "stddev": 0.0010302516952891707,
      "median": 0.008630117980000001,
      "user": 0.00078718,
      "system": 0.00008146222222222222,
      "min": 0.007248817980000001,
      "max": 0.01170041798,
      "times": [
        0.008356018980000001,
        0.00815851798,
        0.008228417980000001,
        0.010880117980000001,
        0.00753231798,
        0.01170041798,
        0.00908031898,
        0.011039518980000001,
        0.00821131798,
        0.00822211798,
        0.008760017980000001,
        0.00890441798,
        0.00830021798,
        0.00944441898,
        0.008636817980000001,
        0.00813451798,
        0.00912741798,
        0.011270117980000001,
        0.008431117980000001,
        0.00756871898,
        0.00861791798,
        0.008574317980000001,
        0.008588317980000001,
        0.00871721798,
        0.01018161798,
        0.009635817980000001,
        0.00876971898,
        0.00929731898,
        0.008368917980000001,
        0.010242217980000001,
        0.008475017980000001,
        0.00867751798,
        0.008630117980000001,
        0.008456617980000001,
        0.008927717980000001,
        0.010050317980000001,
        0.00899531798,
        0.00947931798,
        0.00824691798,
        0.007662017980000001,
        0.01060771898,
        0.008443417980000001,
        0.00761351798,
        0.00798151798,
        0.007248817980000001
      ],
      "exit_codes": [
        0,
        0,
        0,
        0,
        0,
        0,
        0,
        0,
        0,
        0,
        0,
        0,
        0,
        0,
        0,
        0,
        0,
        0,
        0,
        0,
        0,
        0,
        0,
        0,
        0,
        0,
        0,
        0,
        0,
        0,
        0,
        0,
        0,
        0,
        0,
        0,
        0,
        0,
        0,
        0,
        0,
        0,
        0,
        0,
        0
      ]
    },
    {
      "command": "./fft_26_2",
      "mean": 0.009020513199512196,
      "stddev": 0.0010128565498414253,
      "median": 0.00886881798,
      "user": 0.0007305165853658535,
      "system": 0.00014045073170731702,
      "min": 0.007210817980000001,
      "max": 0.011923217980000001,
      "times": [
        0.01050751898,
        0.00895331798,
        0.00806361798,
        0.00888091798,
        0.008684417980000001,
        0.008225517980000001,
        0.008591217980000001,
        0.009159518980000001,
        0.008279517980000001,
        0.009130117980000001,
        0.011084817980000002,
        0.010719417980000001,
        0.00922761798,
        0.009136017980000001,
        0.008858817980000001,
        0.00936071798,
        0.008480217980000001,
        0.007210817980000001,
        0.00875111798,
        0.00865731798,
        0.00886881798,
        0.009475417980000001,
        0.00895701798,
        0.008550917980000001,
        0.009912018980000001,
        0.009656517980000001,
        0.00817681798,
        0.007613017980000001,
        0.008597117980000001,
        0.01022281798,
        0.009393017980000001,
        0.00964621798,
        0.008304618980000001,
        0.00900331798,
        0.00825361798,
        0.008293017980000001,
        0.007297217980000001,
        0.011164017980000001,
        0.00844791798,
        0.011923217980000001,
        0.008121817980000001
      ],
      "exit_codes": [
        0,
        0,
        0,
        0,
        0,
        0,
        0,
        0,
        0,
        0,
        0,
        0,
        0,
        0,
        0,
        0,
        0,
        0,
        0,
        0,
        0,
        0,
        0,
        0,
        0,
        0,
        0,
        0,
        0,
        0,
        0,
        0,
        0,
        0,
        0,
        0,
        0,
        0,
        0,
        0,
        0
      ]
    },
    {
      "command": "./fft_26_4",
      "mean": 0.009072125672307694,
      "stddev": 0.001006859784673071,
      "median": 0.008933317980000001,
      "user": 0.0007817497435897435,
      "system": 0.00007318564102564103,
      "min": 0.007545017980000001,
      "max": 0.012465617980000001,
      "times": [
        0.009502317980000001,
        0.008373317980000001,
        0.008905217980000001,
        0.012465617980000001,
        0.008386217980000001,
        0.00957841798,
        0.00906431798,
        0.009089517980000001,
        0.00884721798,
        0.00821071798,
        0.009196417980000001,
        0.007873817980000001,
        0.00866911798,
        0.008933317980000001,
        0.009067617980000001,
        0.008888017980000001,
        0.00809631798,
        0.00797271798,
        0.00950131798,
        0.008477917980000001,
        0.00820731798,
        0.007545017980000001,
        0.01158481798,
        0.00811761798,
        0.009449117980000001,
        0.0078050179800000005,
        0.009391317980000001,
        0.00921711798,
        0.00865091798,
        0.00982991798,
        0.009220417980000001,
        0.00854281798,
        0.00967801798,
        0.010045317980000001,
        0.008750417980000001,
        0.009130417980000001,
        0.011459317980000001,
        0.00885621798,
        0.00923231798
      ],
      "exit_codes": [
        0,
        0,
        0,
        0,
        0,
        0,
        0,
        0,
        0,
        0,
        0,
        0,
        0,
        0,
        0,
        0,
        0,
        0,
        0,
        0,
        0,
        0,
        0,
        0,
        0,
        0,
        0,
        0,
        0,
        0,
        0,
        0,
        0,
        0,
        0,
        0,
        0,
        0,
        0
      ]
    },
    {
      "command": "./fft_26_8",
      "mean": 0.009234717979999998,
      "stddev": 0.0008821689826521268,
      "median": 0.00927156798,
      "user": 0.0007802299999999999,
      "system": 0.00007520999999999999,
      "min": 0.00628411798,
      "max": 0.01219991798,
      "times": [
        0.009030817980000001,
        0.009532617980000001,
        0.00836731798,
        0.00962651798,
        0.00932021798,
        0.00963321798,
        0.009305117980000001,
        0.01022771798,
        0.00888721798,
        0.009953517980000002,
        0.00897261798,
        0.01126731798,
        0.00959651798,
        0.007829117980000001,
        0.009680217980000001,
        0.00931111798,
        0.008904317980000001,
        0.00977491798,
        0.009182117980000001,
        0.008606417980000001,
        0.00924571798,
        0.00961891798,
        0.00865651798,
        0.010120117980000001,
        0.009159317980000001,
        0.00904761798,
        0.010004117980000001,
        0.009651517980000001,
        0.00934171798,
        0.01219991798,
        0.00879271798,
        0.00929741798,
        0.009048317980000001,
        0.00983131798,
        0.00628411798,
        0.008334717980000001,
        0.008742517980000001,
        0.009338717980000001,
        0.008285717980000001,
        0.009136317980000001,
        0.008746317980000001,
        0.00871491798,
        0.008419517980000001,
        0.00930051798
      ],
      "exit_codes": [
        0,
        0,
        0,
        0,
        0,
        0,
        0,
        0,
        0,
        0,
        0,
        0,
        0,
        0,
        0,
        0,
        0,
        0,
        0,
        0,
        0,
        0,
        0,
        0,
        0,
        0,
        0,
        0,
        0,
        0,
        0,
        0,
        0,
        0,
        0,
        0,
        0,
        0,
        0,
        0,
        0,
        0,
        0,
        0
      ]
    },
    {
      "command": "./fft_26_16",
      "mean": 0.008961317980000001,
      "stddev": 0.0009307956291033467,
      "median": 0.008864017980000001,
      "user": 0.0007933902564102564,
      "system": 0.0000785702564102564,