{
  "results": [
    {
      "command": "./fft_base",
      "mean": 0.008648438736842106,
      "stddev": 0.0009782509824688554,
      "median": 0.008411094,
      "user": 0.0005806094736842102,
      "system": 0.00004040947368421053,
      "min": 0.007115894,
      "max": 0.010883894000000002,
      "times": [
        0.010883894000000002,
        0.008878193999999999,
        0.007700894000000001,
        0.009224794000000001,
        0.008345493999999998,
        0.008062194000000002,
        0.008075894,
        0.008253294000000001,
        0.008147694,
        0.008863494,
        0.008618994000000001,
        0.009302494000000001,
        0.010594194000000001,
        0.007115894,
        0.008315394,
        0.010130294000000001,
        0.008189993999999999,
        0.008476694,
        0.008753894000000002,
        0.008088194,
        0.007221493999999999,
        0.007946694,
        0.008793294,
        0.007688694,
        0.009451994000000002,
        0.008665794000000001,
        0.007987993999999998,
        0.007698094,
        0.007833194000000002,
        0.010614194,
        0.009410993999999999,
        0.009262794000000001,
        0.007697194,
        0.009548494000000001,
        0.007922394,
        0.010717293999999999,
        0.008504794,
        0.007653394
      ],
      "exit_codes": [
        0,
        0,
        0,
        0,
        0,
        0,
        0,
        0,
        0,
        0,
        0,
        0,
        0,
        0,
        0,
        0,
        0,
        0,
        0,
        0,
        0,
        0,
        0,
        0,
        0,
        0,
        0,
        0,
        0,
        0,
        0,
        0,
        0,
        0,
        0,
        0,
        0,
        0
      ]
    },
    {
      "command": "./fft_11_2",
      "mean": 0.009270160690476191,
      "stddev": 0.003095563191318169,
      "median": 0.008846544000000001,
      "user": 0.0006068819047619048,
      "system": 0.00013707714285714285,
      "min": 0.006909894000000001,
      "max": 0.028115794,
      "times": [
        0.009477693999999998,
        0.010018494,
        0.007328894,
        0.009676893999999998,
        0.008654094000000001,
        0.009020494,
        0.008741394,
        0.008928394,
        0.010341693999999998,
        0.028115794,
        0.009094594000000001,
        0.008817493999999999,
        0.009068394,
        0.009948194,
        0.009216994,
        0.009728094999999999,
        0.009308894000000002,
        0.008159594,
        0.008284394,
        0.007946993999999999,
        0.008279094,
        0.008519194,
        0.008670094,
        0.007440893999999999,
        0.008113394,
        0.009222994000000002,
        0.008303393999999999,
        0.007795694,
        0.008084893999999999,
        0.010894694,
        0.006909894000000001,
        0.007680393999999999,
        0.007938094,
        0.009718394000000002,
        0.009412094,
        0.009140394,
        0.008855594000000001,
        0.008790994,
        0.009428894,
        0.007937794000000001,
        0.008837494000000001,
        0.009494894
      ],
      "exit_codes": [
        0,
        0,
        0,
        0,
        0,
        0,
        0,
        0,
        0,
        0,
        0,
        0,
        0,
        0,
        0,
        0,
        0,
        0,
        0,
        0,
        0,
        0,
        0,
        0,
        0,
        0,
        0,
        0,
        0,
        0,
        0,
        0,
        0,
        0,
        0,
        0,
        0,
        0,
        0,
        0,
        0,
        0
      ]
    },
    {
      "command": "./fft_11_4",
      "mean": 0.008668661465116278,
      "stddev": 0.0010993250055319087,
      "median": 0.008692194,
      "user": 0.000489308837209302,
      "system": 0.00007955581395348837,
      "min": 0.006660693999999999,
      "max": 0.012078094000000001,
      "times": [
        0.008331594000000001,
        0.008783694000000002,
        0.008441893999999998,
        0.010964794,
        0.008755694000000001,
        0.009825294000000002,
        0.007744294,
        0.009441194,
        0.008869794,
        0.009424794,
        0.0076202940000000005,
        0.008826193999999999,
        0.007891794,
        0.008701094,
        0.009852093999999999,
        0.007812593999999999,
        0.007954995,
        0.007658793999999999,
        0.007353594000000001,
        0.008305594,
        0.006660693999999999,
        0.0068656939999999994,
        0.008981593999999999,
        0.010900794000000002,
        0.010011894,
        0.008490293999999999,
        0.009040294,
        0.012078094000000001,
        0.008697894000000001,
        0.009333994000000002,
        0.008858094,
        0.009611393999999999,
        0.009328894,
        0.008473194,
        0.008855694,
        0.008530894,
        0.008692194,
        0.008489793999999998,
        0.007167294,
        0.008116794,
        0.008547494,
        0.007085894,
        0.007373494
      ],
      "exit_codes": [
        0,
        0,
        0,
        0,
        0,
        0,
        0,
        0,
        0,
        0,
        0,
        0,
        0,
        0,
        0,
        0,
        0,
        0,
        0,
        0,
        0,
        0,
        0,
        0,
        0,
        0,
        0,
        0,
        0,
        0,
        0,
        0,
        0,
        0,
        0,
        0,
        0,
        0,
        0,
        0,
        0,
        0,
        0
      ]
    },
    {
      "command": "./fft_11_8",
      "mean": 0.008472658153846154,
      "stddev": 0.0009494605819412616,
      "median": 0.008323893999999998,
      "user": 0.0005280538461538459,
      "system": 0.0000902851282051282,
      "min": 0.006884194000000001,
      "max": 0.011478594000000002,
      "times": [
        0.008308093999999999,
        0.008929894,
        0.008331794,
        0.009455594000000001,
        0.008383993999999999,
        0.008323893999999998,
        0.007205594,
        0.009903895,
        0.009340893999999999,
        0.008565093999999999,
        0.009417894,
        0.006884194000000001,
        0.008502694000000002,
        0.008452993999999998,
        0.007790094,
        0.008265794,
        0.008736694,
        0.010979394,
        0.008839594,
        0.008907694,
        0.007976893999999998,
        0.011478594000000002,
        0.008913095,
        0.008068593999999998,
        0.007709593999999999,
        0.007223694,
        0.007526794000000001,
        0.007470093999999999,
        0.007909894,
        0.009053493999999999,
        0.009526894000000001,
        0.008158493999999999,
        0.008294093999999998,
        0.007679294000000001,
        0.008297493999999999,
        0.008473094,
        0.0078120939999999995,
        0.007581194,
        0.007754494
      ],
      "exit_codes": [
        0,
        0,
        0,
        0,
        0,
        0,
        0,
        0,
        0,
        0,
        0,
        0,
        0,
        0,
        0,
        0,
        0,
        0,
        0,
        0,
        0,
        0,
        0,
        0,
        0,
        0,
        0,
        0,
        0,
        0,
        0,
        0,
        0,
        0,
        0,
        0,
        0,
        0,
        0
      ]
    },
    {
      "command": "./fft_11_16",
      "mean": 0.008520904024999998,
      "stddev": 0.0009614168662378936,
      "median": 0.008506044,
      "user": 0.0005220274999999997,
      "system": 0.0000856225,
      "min": 0.006561994000000001,
      "max": 0.011275094,