{
  "results": [
    {
      "command": "./reduction_base",
      "mean": 0.14197295342857147,
      "stddev": 0.0018909741156305857,
      "median": 0.14220676050000003,
      "user": 0.1321651971428571,
      "system": 0.0014214385714285715,
      "min": 0.13909886100000002,
      "max": 0.14588036000000001,
      "times": [
        0.14387776100000002,
        0.14259476100000001,
        0.14168586100000002,
        0.14130896,
        0.14252426,
        0.14188926100000002,
        0.13909886100000002,
        0.13963926100000001,
        0.13981506100000002,
        0.14588036000000001,
        0.14306136000000003,
        0.14294386,
        0.14333466000000003,
        0.13996706100000003
      ],
      "exit_codes": [
        0,
        0,
        0,
        0,
        0,
        0,
        0,
        0,
        0,
        0,
        0,
        0,
        0,
        0
      ]
    },
    {
      "command": "./reduction_0_2",
      "mean": 0.1375653227692308,
      "stddev": 0.0035578064925831827,
      "median": 0.13690976200000002,
      "user": 0.12324249384615384,
      "system": 0.005569358461538461,
      "min": 0.13472076100000002,
      "max": 0.14850036100000003,
      "times": [
        0.13730136,
        0.135016661,
        0.14850036100000003,
        0.13754486100000002,
        0.135620761,
        0.13984156100000003,
        0.13601246200000003,
        0.13690976200000002,
        0.137297562,
        0.13609416200000002,
        0.13472076100000002,
        0.135677661,
        0.13781126100000002
      ],
      "exit_codes": [
        0,
        0,
        0,
        0,
        0,
        0,
        0,
        0,
        0,
        0,
        0,
        0,
        0
      ]
    },
    {
      "command": "./reduction_0_4",
      "mean": 0.13597950753846155,
      "stddev": 0.0011264328669317617,
      "median": 0.13583856100000002,
      "user": 0.12243310923076921,
      "system": 0.005121376923076923,
      "min": 0.13381606100000001,
      "max": 0.138387161,
      "times": [
        0.135379361,
        0.135772461,
        0.13641936100000002,
        0.13714466100000003,
        0.13673236100000002,
        0.13381606100000001,
        0.135781962,
        0.13540006200000002,
        0.134662262,
        0.136174062,
        0.136225262,
        0.13583856100000002,
        0.138387161
      ],
      "exit_codes": [
        0,
        0,
        0,
        0,
        0,
        0,
        0,
        0,
        0,
        0,
        0,
        0,
        0
      ]
    },
    {
      "command": "./reduction_0_8",
      "mean": 0.13700575407692311,
      "stddev": 0.008886291494569914,
      "median": 0.134270662,
      "user": 0.12717818615384616,
      "system": 0.0014952892307692307,
      "min": 0.13201036200000002,
      "max": 0.16598546200000003,
      "times": [
        0.134270662,
        0.13567636200000002,
        0.13475096100000003,
        0.13489346200000002,
        0.16598546200000003,
        0.135440462,
        0.13419156100000001,
        0.13201036200000002,
        0.13379736200000003,
        0.139537562,
        0.133124962,
        0.133740561,
        0.13365506200000002
      ],
      "exit_codes": [
        0,
        0,
        0,
        0,
        0,
        0,
        0,
        0,
        0,
        0,
        0,
        0,
        0
      ]
    },
    {
      "command": "./reduction_0_16",
      "mean": 0.1347261773846154,
      "stddev": 0.0017397225332153106,
      "median": 0.13419876300000003,
      "user": 0.12359072461538462,
      "system": 0.0022687799999999998,
      "min": 0.13242136200000001,
      "max": 0.13854136200000003,
      "times": [
        0.13424696200000003,
        0.133901761,
        0.13352806200000003,
        0.13397576200000003,
        0.13495616200000002,
        0.13789626200000002,
        0.13854136200000003,
        0.133456762,
        0.135450862,
        0.133779262,
        0.13242136200000001,
        0.13419876300000003,
        0.135086962
      ],
      "exit_codes": [
        0,
        0,
        0,
        0,
        0,
        0,
        0,
        0,
        0,
        0,
        0,
        0,
        0
      ]
    },
    {
      "command": "./reduction_0_32",
      "mean": 0.1335831620769231,
      "stddev": 0.000773828376773602,
      "median": 0.133844062,
      "user": 0.12056749384615384,
      "system": 0.004484761538461538,
      "min": 0.13231276200000003,
      "max": 0.134604562,
      "times": [
        0.134604562,
        0.13231276200000003,
        0.13320446200000002,
        0.133091862,
        0.134428862,
        0.13237336300000002,
        0.134009762,
        0.13283576200000002,
        0.133507062,
        0.133844062,
        0.13394556200000002,
        0.133872762,
        0.134550262
      ],
      "exit_codes": [
        0,
        0,
        0,
        0,
        0,
        0,
        0,
        0,
        0,
        0,
        0,
        0,
        0
      ]
    },
    {
      "command": "./reduction_0_64",
      "mean": 0.13360613046153846,
      "stddev": 0.0017407104430160424,
      "median": 0.13321581500000002,
      "user": 0.12152749384615384,
      "system": 0.00384456,
      "min": 0.13148361400000003,
      "max": 0.13753841700000002,
      "times": [
        0.13753841700000002,
        0.13480791500000003,
        0.13321581500000002,
        0.133286215,
        0.132640414,
        0.13148361400000003,
        0.13174611400000003,
        0.134208715,
        0.13320831500000002,
        0.13184071500000002,
        0.13544391600000003,
        0.132453915,
        0.13500561600000002
      ],
      "exit_codes": [
        0,
        0,
        0,
        0,
        0,
        0,
        0,
        0,
        0,
        0,
        0,
        0,
        0
      ]
    }
  ]
}
