{
  "results": [
    {
      "command": "./ss_sort_base",
      "mean": 0.22488597699999996,
      "stddev": 0.003865078329017983,
      "median": 0.223702827,
      "user": 0.20822604,
      "system": 0.008850189999999999,
      "min": 0.222446827,
      "max": 0.235510827,
      "times": [
        0.22557142700000002,
        0.223775727,
        0.222806827,
        0.235510827,
        0.222446827,
        0.22486472700000001,
        0.223629927,
        0.223552427,
        0.222480027,
        0.22422102700000002
      ],
      "exit_codes": [
        0,
        0,
        0,
        0,
        0,
        0,
        0,
        0,
        0,
        0
      ]
    },
    {
      "command": "./ss_sort_7_2",
      "mean": 0.2259331385,
      "stddev": 0.00677948476475346,
      "median": 0.22376598,
      "user": 0.21201114,
      "system": 0.0049373559999999995,
      "min": 0.220441927,
      "max": 0.242741326,
      "times": [
        0.220441927,
        0.222326527,
        0.242741326,
        0.225088128,
        0.232527029,
        0.222832629,
        0.22466512900000002,
        0.22428823,
        0.22324373,
        0.22117673000000002
      ],
      "exit_codes": [
        0,
        0,
        0,
        0,
        0,
        0,
        0,
        0,
        0,
        0
      ]
    },
    {
      "command": "./ss_sort_7_4",
      "mean": 0.22375804940000005,
      "stddev": 0.006177788140720529,
      "median": 0.22145542950000002,
      "user": 0.20626624,
      "system": 0.008871167999999999,
      "min": 0.218666531,
      "max": 0.23941282900000002,
      "times": [
        0.219849129,
        0.23941282900000002,
        0.220377429,
        0.220915929,
        0.223726229,
        0.228749129,
        0.22199493,
        0.223189829,
        0.22069853,
        0.218666531
      ],
      "exit_codes": [
        0,
        0,
        0,
        0,
        0,
        0,
        0,
        0,
        0,
        0
      ]
    },
    {
      "command": "./ss_sort_7_8",
      "mean": 0.22331901089999998,
      "stddev": 0.0037443808845160245,
      "median": 0.222592331,
      "user": 0.21280223999999998,
      "system": 0.0031027119999999997,
      "min": 0.219486331,
      "max": 0.23269953000000002,
      "times": [
        0.223415631,
        0.223635731,
        0.220327031,
        0.22108983100000001,
        0.221766431,
        0.219486331,
        0.23269953000000002,
        0.221769031,
        0.225466031,
        0.223534531
      ],
      "exit_codes": [
        0,
        0,
        0,
        0,
        0,
        0,
        0,
        0,
        0,
        0
      ]
    },
    {
      "command": "./ss_sort_7_16",
      "mean": 0.22431082090000004,
      "stddev": 0.004769927546717162,
      "median": 0.223211181,
      "user": 0.20485333999999997,
      "system": 0.011842045999999998,
      "min": 0.219362031,
      "max": 0.23493423100000002,
      "times": [
        0.23493423100000002,
        0.223686631,
        0.22107743100000002,
        0.219362031,
        0.224047031,
        0.22424333100000002,
        0.22169113000000001,
        0.230328531,
        0.22100213100000002,
        0.22273573100000002
      ],
      "exit_codes": [
        0,
        0,
        0,
        0,
        0,
        0,
        0,
        0,
        0,
        0
      ]
    },
    {
      "command": "./ss_sort_7_32",
      "mean": 0.22713663010000004,
      "stddev": 0.009460239555146346,
      "median": 0.2233801305,
      "user": 0.20926563999999998,
      "system": 0.009846668,
      "min": 0.22066613000000002,
      "max": 0.25236883,
      "times": [
        0.223540031,
        0.23147473000000002,
        0.25236883,
        0.22208663,
        0.22675923,
        0.22322023000000002,
        0.22290413,
        0.22111393000000001,
        0.22723243,
        0.22066613000000002
      ],
      "exit_codes": [
        0,
        0,
        0,
        0,
        0,
        0,
        0,
        0,
        0,
        0
      ]
    },
    {
      "command": "./ss_sort_7_64",
      "mean": 0.2241099791,
      "stddev": 0.003686690838448716,
      "median": 0.2234846285,
      "user": 0.20585413999999996,
      "system": 0.010910123999999998,
      "min": 0.21955953,
      "max": 0.23186752700000002,
      "times": [
        0.22458393000000001,
        0.22165053,
        0.22819683000000002,
        0.22327633,
        0.22050903,
        0.21955953,
        0.222377729,
        0.223692927,
        0.225385428,
        0.23186752700000002
      ],
      "exit_codes": [
        0,
        0,
        0,
        0,
        0,
        0,
        0,
        0,
        0,
        0
      ]
    }
  ]
}
