{
  "results": [
    {
      "command": "./ss_sort_base",
      "mean": 0.2261189614,
      "stddev": 0.004079460664885365,
      "median": 0.22523850099999998,
      "user": 0.20804502,
      "system": 0.00995618,
      "min": 0.221383952,
      "max": 0.234683351,
      "times": [
        0.234683351,
        0.224565852,
        0.225638951,
        0.225213851,
        0.225896252,
        0.221383952,
        0.224944151,
        0.231671251,
        0.225263151,
        0.221928852
      ],
      "exit_codes": [
        0,
        0,
        0,
        0,
        0,
        0,
        0,
        0,
        0,
        0
      ]
    },
    {
      "command": "./ss_sort_3_2",
      "mean": 0.2216184846,
      "stddev": 0.0044546946577849805,
      "median": 0.21979547500000002,
      "user": 0.20655671999999997,
      "system": 0.0069257799999999994,
      "min": 0.218024874,
      "max": 0.230976175,
      "times": [
        0.22140447400000002,
        0.228591875,
        0.21972207500000002,
        0.219868875,
        0.218663774,
        0.218024874,
        0.220771874,
        0.218602775,
        0.230976175,
        0.219558075
      ],
      "exit_codes": [
        0,
        0,
        0,
        0,
        0,
        0,
        0,
        0,
        0,
        0
      ]
    },
    {
      "command": "./ss_sort_3_4",
      "mean": 0.2198426463,
      "stddev": 0.002791334462797598,
      "median": 0.219611501,
      "user": 0.20576172,
      "system": 0.006017363999999999,
      "min": 0.216490187,
      "max": 0.227188374,
      "times": [
        0.21864107500000002,
        0.21981187500000002,
        0.227188374,
        0.220244974,
        0.21965837400000002,
        0.216490187,
        0.219652601,
        0.218522701,
        0.218645901,
        0.219570401
      ],
      "exit_codes": [
        0,
        0,
        0,
        0,
        0,
        0,
        0,
        0,
        0,
        0
      ]
    },
    {
      "command": "./ss_sort_3_8",
      "mean": 0.2235414017,
      "stddev": 0.011456754278347062,
      "median": 0.2194502515,
      "user": 0.20895711999999994,
      "system": 0.006933880000000001,
      "min": 0.216525901,
      "max": 0.254722305,
      "times": [
        0.220069302,
        0.216525901,
        0.218831201,
        0.228710302,
        0.218780801,
        0.221404501,
        0.218225601,
        0.217758201,
        0.220385902,
        0.254722305
      ],
      "exit_codes": [
        0,
        0,
        0,
        0,
        0,
        0,
        0,
        0,
        0,
        0
      ]
    },
    {
      "command": "./ss_sort_3_16",
      "mean": 0.22061675420000001,
      "stddev": 0.0029514721950481587,
      "median": 0.2199091245,
      "user": 0.20191421999999998,
      "system": 0.010944412,
      "min": 0.218465174,
      "max": 0.228564074,
      "times": [
        0.219607074,
        0.220640674,
        0.219207474,
        0.220735975,
        0.228564074,
        0.220211175,
        0.218465174,
        0.22124517400000002,
        0.21886297400000002,
        0.218627774
      ],
      "exit_codes": [
        0,
        0,
        0,
        0,
        0,
        0,
        0,
        0,
        0,
        0
      ]
    },
    {
      "command": "./ss_sort_3_32",
      "mean": 0.219343518,
      "stddev": 0.0013558181025163812,
      "median": 0.219255478,
      "user": 0.20488552000000002,
      "system": 0.006077964,
      "min": 0.216247478,
      "max": 0.221653278,
      "times": [
        0.219074778,
        0.219532778,
        0.219213078,
        0.219592078,
        0.221653278,
        0.220510078,
        0.219283378,
        0.219227578,
        0.216247478,
        0.219100678
      ],
      "exit_codes": [
        0,
        0,
        0,
        0,
        0,
        0,
        0,
        0,
        0,
        0
      ]
    },
    {
      "command": "./ss_sort_3_64",
      "mean": 0.22354834919999997,
      "stddev": 0.009056187574488849,
      "median": 0.22102162800000003,
      "user": 0.21092782,
      "system": 0.004045063999999999,
      "min": 0.218345878,
      "max": 0.248863781,
      "times": [
        0.223652178,
        0.220865578,
        0.22117767800000002,
        0.218345878,
        0.219738078,
        0.21908908,
        0.21918018,
        0.248863781,
        0.221697181,
        0.22287388
      ],
      "exit_codes": [
        0,
        0,
        0,
        0,
        0,
        0,
        0,
        0,
        0,
        0
      ]
    }
  ]
}
