command,mean,stddev,median,user,system,min,max
./reduction_no,0.009198567843448276,0.0018830750408777692,0.00870113774,0.001518664827586207,0.0006215503448275862,0.00725899774,0.015532124740000002
./reduction_auto,0.008051480127096774,0.0006478961879250243,0.00798800274,0.0016044490322580643,0.00035192387096774186,0.00699059774,0.00939940974
./reduction_manual,0.008444104047692306,0.0011840194463495868,0.008190106740000001,0.0013885892307692305,0.0006018446153846154,0.00690830274,0.01170852074
./reduction_2,0.008248574578709679,0.0010918840944002589,0.00808070974,0.0016883845161290321,0.0003086793548387097,0.007033403740000001,0.013547638740000001
./reduction_4,0.008512857973333333,0.0007520874638278533,0.008471661240000001,0.0017084533333333331,0.00029058266666666664,0.007444805740000001,0.010779223740000001
./reduction_8,0.008456119906666667,0.0011553620437161703,0.00806964724,0.0015629533333333333,0.0004342933333333333,0.007325582740000001,0.01234399674
./reduction_16,0.01152914299925926,0.0009593109577895601,0.011578994740000001,0.0020214681481481476,0.0003460918518518518,0.00971268974,0.013503600740000002
./reduction_32,0.010830410668571428,0.0009846720501320875,0.010779942740000001,0.001995284285714286,0.00034280285714285714,0.00876128674,0.012632297740000001
./reduction_64,0.011729622340000002,0.00116911124909936,0.011231594740000002,0.0020147472000000004,0.0004584592,0.010123615740000001,0.01474543874
