command,mean,stddev,median,user,system,min,max
./fft_no,0.00909944537860465,0.0013680927896998702,0.009025205960000001,0.0010876944186046513,0.00019231441860465118,0.006386633960000001,0.012253231960000001
./fft_auto,0.009024998315555557,0.0008139415314558744,0.008964402960000001,0.0011023755555555554,0.0001499324444444444,0.007124528960000001,0.01059501696
./fft_2,0.013256438221904764,0.0014293516176471894,0.01314526446,0.0015609247619047621,0.00029439999999999995,0.01043571396,0.01651421396
./fft_4,0.014518526169302328,0.00176054843094563,0.014342314960000001,0.0015652525581395344,0.00047544000000000004,0.01166741496,0.01909311496
./fft_8,0.017709364645714282,0.004292277257754277,0.01713311196,0.0018239914285714286,0.0005843577142857143,0.013769112960000001,0.03984950996
./fft_16,0.008900051102857146,0.0008221951849936904,0.00890166296,0.001098115238095238,0.00015792761904761905,0.00696021296,0.010409511960000001
./fft_32,0.01022158396,0.00295491800001579,0.00967411296,0.0012093755555555555,0.00020355466666666666,0.00698711296,0.02447831196
./fft_64,0.010036891727441863,0.001176268927680005,0.00992331196,0.0012206246511627906,0.00006894976744186046,0.008074612960000001,0.01332261596
