command,mean,stddev,median,user,system,min,max
./bb_gemm_no,0.22337684144,0.010685750979184713,0.21955023514,0.21024919999999997,0.005064689999999999,0.21475940114,0.24911575714000003
./bb_gemm_auto,0.18472422077636363,0.0047018221808749925,0.18397704614000002,0.17380533636363638,0.0036198109090909082,0.17703655214,0.19428213214
./bb_gemm_manual,0.1654094390490909,0.00502169854177101,0.16385097414,0.15518197272727272,0.0018505418181818181,0.16001738614,0.17778911614
./bb_gemm_2,0.1846911243218182,0.009890903630374372,0.18252600214,0.17475706363636365,0.0027172672727272724,0.17729138214,0.21240788714
./bb_gemm_4,0.16431790972333335,0.0041399496210924565,0.16339202064,0.15335236666666666,0.002672161666666667,0.16143671914000002,0.17672296914000002
./bb_gemm_8,0.17818351404909094,0.009067487455311088,0.17743109314,0.1613547,0.007271714545454545,0.16901875414,0.19627235214000002
./bb_gemm_16,0.16748570141272728,0.007635197707039094,0.16713557814000002,0.1535307,0.00376672,0.15916515714,0.18354724014
./bb_gemm_32,0.16747072222333334,0.004773965073354404,0.16706039164000003,0.14992078333333334,0.007467488333333332,0.15841992714,0.17639955114
./bb_gemm_64,0.16042074380666668,0.0024842627470945382,0.15989583114,0.1474035333333333,0.0024242450000000002,0.15759907714000002,0.16426883614
