{
  "results": [
    {
      "command": "./ss_sort_base",
      "mean": 0.22834274627999998,
      "stddev": 0.010450651561145862,
      "median": 0.22400326598,
      "user": 0.21644157999999997,
      "system": 0.004048348,
      "min": 0.22220306698,
      "max": 0.25384146698000004,
      "times": [
        0.22472586598000002,
        0.22220306698,
        0.22362796598,
        0.24057186698000002,
        0.22360986598000002,
        0.22437856598,
        0.25384146698000004,
        0.22280156598,
        0.22443286598,
        0.22323436598000002
      ],
      "exit_codes": [
        0,
        0,
        0,
        0,
        0,
        0,
        0,
        0,
        0,
        0
      ]
    },
    {
      "command": "./ss_sort_2_2",
      "mean": 0.21874601468,
      "stddev": 0.0021164063196781437,
      "median": 0.21821580498,
      "user": 0.20604227999999997,
      "system": 0.004934348,
      "min": 0.21607745498,
      "max": 0.22338775498000002,
      "times": [
        0.21683315498,
        0.21977445398,
        0.21859065498000002,
        0.21744085498000001,
        0.21607745498,
        0.22020415498,
        0.21759715398,
        0.21971355398,
        0.21784095498,
        0.22338775498000002
      ],
      "exit_codes": [
        0,
        0,
        0,
        0,
        0,
        0,
        0,
        0,
        0,
        0
      ]
    },
    {
      "command": "./ss_sort_2_4",
      "mean": 0.22409118538,
      "stddev": 0.012674521189765703,
      "median": 0.21947520648000002,
      "user": 0.20576657999999998,
      "system": 0.008912084,
      "min": 0.21749135598000002,
      "max": 0.25838335298000004,
      "times": [
        0.25838335298000004,
        0.21766985498000002,
        0.22010925398,
        0.21853705398,
        0.21847525598,
        0.23108365698000002,
        0.21912545698000002,
        0.21982495598000001,
        0.21749135598000002,
        0.22021165598
      ],
      "exit_codes": [
        0,
        0,
        0,
        0,
        0,
        0,
        0,
        0,
        0,
        0
      ]
    },
    {
      "command": "./ss_sort_2_8",
      "mean": 0.21982621668000002,
      "stddev": 0.0015041371742320912,
      "median": 0.21964220698,
      "user": 0.20586757999999997,
      "system": 0.00588086,
      "min": 0.21709555698000002,
      "max": 0.22222375698000002,
      "times": [
        0.21818105698,
        0.22085305698000002,
        0.21963375698,
        0.21913875698000002,
        0.22222375698000002,
        0.21709555698000002,
        0.22109325598000001,
        0.21949735598,
        0.22089495598,
        0.21965065698
      ],
      "exit_codes": [
        0,
        0,
        0,
        0,
        0,
        0,
        0,
        0,
        0,
        0
      ]
    },
    {
      "command": "./ss_sort_2_16",
      "mean": 0.22733658528,
      "stddev": 0.005081378759283552,
      "median": 0.22533496548,
      "user": 0.21198588,
      "system": 0.007006672,
      "min": 0.22361476498000002,
      "max": 0.23833536598000002,
      "times": [
        0.23511736498000002,
        0.22426586498,
        0.22484146498000002,
        0.22361476498000002,
        0.22660156598,
        0.22559366598,
        0.22578966498,
        0.23833536598000002,
        0.22507626498000002,
        0.22412986498
      ],
      "exit_codes": [
        0,
        0,
        0,
        0,
        0,
        0,
        0,
        0,
        0,
        0
      ]
    },
    {
      "command": "./ss_sort_2_32",
      "mean": 0.21954022548000002,
      "stddev": 0.0027474947308796373,
      "median": 0.21899775598000001,
      "user": 0.20769378,
      "system": 0.002962636,
      "min": 0.21766695498000002,
      "max": 0.22692665498,
      "times": [
        0.21776645498000002,
        0.22692665498,
        0.21773415598,
        0.21908935598,
        0.21924615498,
        0.21890615598000002,
        0.21766695498000002,
        0.21802245498,
        0.21998765598,
        0.22005625598
      ],
      "exit_codes": [
        0,
        0,
        0,
        0,
        0,
        0,
        0,
        0,
        0,
        0
      ]
    },
    {
      "command": "./ss_sort_2_64",
      "mean": 0.22071585847999997,
      "stddev": 0.00351983650685768,
      "median": 0.21906765748,
      "user": 0.20445058,
      "system": 0.00781906,
      "min": 0.21722006098000002,
      "max": 0.22845115498000002,
      "times": [
        0.21793365598,
        0.21926225498000002,
        0.22845115498000002,
        0.21833845498,
        0.21722006098000002,
        0.21887305998,
        0.22392946098000002,
        0.22252126098000002,
        0.22213635998,
        0.21849286098
      ],
      "exit_codes": [
        0,
        0,
        0,
        0,
        0,
        0,
        0,
        0,
        0,
        0
      ]
    }
  ]
}
