{
  "results": [
    {
      "command": "./ss_sort_base",
      "mean": 0.22410983200000004,
      "stddev": 0.0011079523720710102,
      "median": 0.224408092,
      "user": 0.20610859999999995,
      "system": 0.00994451,
      "min": 0.22139794200000001,
      "max": 0.22522244200000002,
      "times": [
        0.224163942,
        0.224705642,
        0.223332042,
        0.223727842,
        0.224921742,
        0.224310942,
        0.224810542,
        0.22450524200000002,
        0.22139794200000001,
        0.22522244200000002
      ],
      "exit_codes": [
        0,
        0,
        0,
        0,
        0,
        0,
        0,
        0,
        0,
        0
      ]
    },
    {
      "command": "./ss_sort_0_2",
      "mean": 0.22084404589999998,
      "stddev": 0.003703292902632897,
      "median": 0.220423836,
      "user": 0.20552729999999997,
      "system": 0.0069245919999999985,
      "min": 0.21684033600000002,
      "max": 0.230336435,
      "times": [
        0.220744236,
        0.219145736,
        0.221450836,
        0.21684033600000002,
        0.230336435,
        0.217387236,
        0.221034736,
        0.221551736,
        0.220103436,
        0.219845736
      ],
      "exit_codes": [
        0,
        0,
        0,
        0,
        0,
        0,
        0,
        0,
        0,
        0
      ]
    },
    {
      "command": "./ss_sort_0_4",
      "mean": 0.22090260590000002,
      "stddev": 0.0025733719213199397,
      "median": 0.220656386,
      "user": 0.2036237,
      "system": 0.008877191999999999,
      "min": 0.21779853600000001,
      "max": 0.22680693600000001,
      "times": [
        0.219545236,
        0.221307636,
        0.220255636,
        0.219021936,
        0.222732336,
        0.22680693600000001,
        0.22105713600000002,
        0.22181863500000001,
        0.21868203600000002,
        0.21779853600000001
      ],
      "exit_codes": [
        0,
        0,
        0,
        0,
        0,
        0,
        0,
        0,
        0,
        0
      ]
    },
    {
      "command": "./ss_sort_0_8",
      "mean": 0.22069234630000004,
      "stddev": 0.0028861089632496208,
      "median": 0.220113987,
      "user": 0.20723229999999998,
      "system": 0.004950046,
      "min": 0.217007936,
      "max": 0.22769893600000002,
      "times": [
        0.22234953500000001,
        0.22769893600000002,
        0.219130436,
        0.220414936,
        0.217007936,
        0.220284436,
        0.219372636,
        0.218886136,
        0.221834938,
        0.21994353800000002
      ],
      "exit_codes": [
        0,
        0,
        0,
        0,
        0,
        0,
        0,
        0,
        0,
        0
      ]
    },
    {
      "command": "./ss_sort_0_16",
      "mean": 0.221317578,
      "stddev": 0.002666274907556733,
      "median": 0.22074258800000002,
      "user": 0.20591599999999993,
      "system": 0.0071012919999999995,
      "min": 0.219063538,
      "max": 0.228402338,
      "times": [
        0.228402338,
        0.221860638,
        0.21908163800000002,
        0.220611738,
        0.22043263800000001,
        0.220873438,
        0.219063538,
        0.22110253800000002,
        0.220009538,
        0.22173773800000002
      ],
      "exit_codes": [
        0,
        0,
        0,
        0,
        0,
        0,
        0,
        0,
        0,
        0
      ]
    },
    {
      "command": "./ss_sort_0_32",
      "mean": 0.22118391310000005,
      "stddev": 0.002126629488509956,
      "median": 0.220869263,
      "user": 0.20165669999999997,
      "system": 0.010916656,
      "min": 0.218090214,
      "max": 0.22464061300000002,
      "times": [
        0.219616313,
        0.220846213,
        0.219733013,
        0.22384621300000002,
        0.22265811300000002,
        0.22230691300000002,
        0.219209213,
        0.218090214,
        0.22464061300000002,
        0.220892313
      ],
      "exit_codes": [
        0,
        0,
        0,
        0,
        0,
        0,
        0,
        0,
        0,
        0
      ]
    },
    {
      "command": "./ss_sort_0_64",
      "mean": 0.22244741230000004,
      "stddev": 0.004246735601472925,
      "median": 0.22161702300000002,
      "user": 0.20736469999999999,
      "system": 0.006974127999999999,
      "min": 0.21778682400000002,
      "max": 0.23182132300000002,
      "times": [
        0.219292113,
        0.22143632300000002,
        0.23182132300000002,
        0.221797723,
        0.221211823,
        0.221935623,
        0.21778682400000002,
        0.22294302400000002,
        0.218744624,
        0.22750472300000002
      ],
      "exit_codes": [
        0,
        0,
        0,
        0,
        0,
        0,
        0,
        0,
        0,
        0
      ]
    }
  ]
}
