{
  "results": [
    {
      "command": "./ss_sort_base",
      "mean": 0.22465364846,
      "stddev": 0.005419015110664937,
      "median": 0.22330334866,
      "user": 0.2123466,
      "system": 0.00504781,
      "min": 0.22005740016000003,
      "max": 0.23973349316000003,
      "times": [
        0.22005740016000003,
        0.22315679816000003,
        0.22377439816000003,
        0.23973349316000003,
        0.22344989916000002,
        0.22391829916000003,
        0.22291759916000004,
        0.22406039916000003,
        0.22284759916000002,
        0.22262059916000002
      ],
      "exit_codes": [
        0,
        0,
        0,
        0,
        0,
        0,
        0,
        0,
        0,
        0
      ]
    },
    {
      "command": "./ss_sort_1_2",
      "mean": 0.22122276806000002,
      "stddev": 0.006447821477257097,
      "median": 0.21868756766000003,
      "user": 0.2087024,
      "system": 0.003985468000000001,
      "min": 0.21697206816000003,
      "max": 0.23793536816000002,
      "times": [
        0.21850116716,
        0.23793536816000002,
        0.21697206816000003,
        0.21754306816000002,
        0.22606046816000003,
        0.21974736816,
        0.21762266816000003,
        0.21779006816000002,
        0.21887396816000002,
        0.22118146816000003
      ],
      "exit_codes": [
        0,
        0,
        0,
        0,
        0,
        0,
        0,
        0,
        0,
        0
      ]
    },
    {
      "command": "./ss_sort_1_4",
      "mean": 0.21712334806000003,
      "stddev": 0.0020735513916081516,
      "median": 0.21737067516000003,
      "user": 0.20073169999999996,
      "system": 0.007997352,
      "min": 0.21419566816000002,
      "max": 0.22080438216000003,
      "times": [
        0.21592216816,
        0.21698776816,
        0.21419566816000002,
        0.21854708216000002,
        0.21427428216000002,
        0.22080438216000003,
        0.21597628216000003,
        0.21775358216000001,
        0.21820228316,
        0.21856998216
      ],
      "exit_codes": [
        0,
        0,
        0,
        0,
        0,
        0,
        0,
        0,
        0,
        0
      ]
    },
    {
      "command": "./ss_sort_1_8",
      "mean": 0.21892640356000004,
      "stddev": 0.008756073878375742,
      "median": 0.21588938216000003,
      "user": 0.2068968,
      "system": 0.004950867999999999,
      "min": 0.21157858216000003,
      "max": 0.24129428316,
      "times": [
        0.21565958216000003,
        0.21684528216,
        0.21509658216000002,
        0.21611918216000003,
        0.21561898216000003,
        0.21157858216000003,
        0.22654838316000003,
        0.21422358216,
        0.24129428316,
        0.21627959416000003
      ],
      "exit_codes": [
        0,
        0,
        0,
        0,
        0,
        0,
        0,
        0,
        0,
        0
      ]
    },
    {
      "command": "./ss_sort_1_16",
      "mean": 0.21664834746,
      "stddev": 0.0015578284010870959,
      "median": 0.21708584766000003,
      "user": 0.20456899999999995,
      "system": 0.0039436259999999996,
      "min": 0.21294499716,
      "max": 0.21872799716000002,
      "times": [
        0.21739999716000002,
        0.21872799716000002,
        0.21714299716000002,
        0.21751899716000003,
        0.21569849716000003,
        0.21294499716,
        0.21681009816000002,
        0.21702869816000003,
        0.21584489716000002,
        0.21736629816000003
      ],
      "exit_codes": [
        0,
        0,
        0,
        0,
        0,
        0,
        0,
        0,
        0,
        0
      ]
    },
    {
      "command": "./ss_sort_1_32",
      "mean": 0.21430281906000004,
      "stddev": 0.0014632856071070952,
      "median": 0.21444636916000004,
      "user": 0.20472729999999997,
      "system": 0.0020997259999999997,
      "min": 0.21157566916,
      "max": 0.21629506916000002,
      "times": [
        0.21333956916000002,
        0.21157566916,
        0.21530946816000002,
        0.21453886916000003,
        0.21497586916000003,
        0.21435386916000002,
        0.21320946916000003,
        0.21629506916000002,
        0.21332296916000001,
        0.21610736916000003
      ],
      "exit_codes": [
        0,
        0,
        0,
        0,
        0,
        0,
        0,
        0,
        0,
        0
      ]
    },
    {
      "command": "./ss_sort_1_64",
      "mean": 0.21544408266,
      "stddev": 0.0027431144555244463,
      "median": 0.21475317166000002,
      "user": 0.20047359999999997,
      "system": 0.006910009999999999,
      "min": 0.21255197416000002,
      "max": 0.22112117416000002,
      "times": [
        0.21490746916000003,
        0.21636856816000002,
        0.21415526916000002,
        0.21459887416,
        0.21891717416000003,
        0.21360897416000002,
        0.22112117416000002,
        0.21255197416000002,
        0.21258947416,
        0.21562187516000003
      ],
      "exit_codes": [
        0,
        0,
        0,
        0,
        0,
        0,
        0,
        0,
        0,
        0
      ]
    }
  ]
}
