{
  "results": [
    {
      "command": "./ss_sort_base",
      "mean": 0.22606087222000007,
      "stddev": 0.004158909450132352,
      "median": 0.22433372202000001,
      "user": 0.21292934,
      "system": 0.0049833279999999995,
      "min": 0.22362807202,
      "max": 0.23717517202000002,
      "times": [
        0.22417607302000003,
        0.22387887202,
        0.22362807202,
        0.23717517202000002,
        0.22400197202000002,
        0.22479047302000002,
        0.22435287202,
        0.22851227202000002,
        0.22431457202000002,
        0.22577837202
      ],
      "exit_codes": [
        0,
        0,
        0,
        0,
        0,
        0,
        0,
        0,
        0,
        0
      ]
    },
    {
      "command": "./ss_sort_8_2",
      "mean": 0.22614938272000001,
      "stddev": 0.01229907552061653,
      "median": 0.22199172252000002,
      "user": 0.20641073999999998,
      "system": 0.012105291999999998,
      "min": 0.22005557202,
      "max": 0.26092947301999997,
      "times": [
        0.22005557202,
        0.22172787302000002,
        0.22359427302,
        0.22350497302000003,
        0.26092947301999997,
        0.22116807202000002,
        0.22198267302000002,
        0.22160367302000003,
        0.22200077202000001,
        0.22492647302000002
      ],
      "exit_codes": [
        0,
        0,
        0,
        0,
        0,
        0,
        0,
        0,
        0,
        0
      ]
    },
    {
      "command": "./ss_sort_8_4",
      "mean": 0.22500905282000003,
      "stddev": 0.0015337914817472424,
      "median": 0.22575797252000002,
      "user": 0.21149124000000002,
      "system": 0.004973627999999999,
      "min": 0.22256037202,
      "max": 0.22733577302000002,
      "times": [
        0.22592807302,
        0.22374747202000003,
        0.22597747302,
        0.22585367302000003,
        0.22256037202,
        0.22376137302000002,
        0.22593737302000003,
        0.22566227202000003,
        0.22733577302000002,
        0.22332667402000003
      ],
      "exit_codes": [
        0,
        0,
        0,
        0,
        0,
        0,
        0,
        0,
        0,
        0
      ]
    },
    {
      "command": "./ss_sort_8_8",
      "mean": 0.22372452392000003,
      "stddev": 0.0028385775639041696,
      "median": 0.22310662402000003,
      "user": 0.20747664000000002,
      "system": 0.008802991999999999,
      "min": 0.22044187402,
      "max": 0.23072507402000003,
      "times": [
        0.22227987402000002,
        0.22044187402,
        0.22305187402,
        0.22290867302000003,
        0.22540907402000002,
        0.22415387402000003,
        0.23072507402000003,
        0.22387257402000002,
        0.22316137402000003,
        0.22124097402
      ],
      "exit_codes": [
        0,
        0,
        0,
        0,
        0,
        0,
        0,
        0,
        0,
        0
      ]
    },
    {
      "command": "./ss_sort_8_16",
      "mean": 0.22762102412000002,
      "stddev": 0.01077649066168626,
      "median": 0.22353662402000002,
      "user": 0.21168863999999993,
      "system": 0.00623296,
      "min": 0.22157427402000002,
      "max": 0.25678907402,
      "times": [
        0.23312477402,
        0.22224517402000002,
        0.22189127402000003,
        0.22413487502,
        0.25678907402,
        0.22343987402,
        0.22356667402000002,
        0.22593767402,
        0.22157427402000002,
        0.22350657402000002
      ],
      "exit_codes": [
        0,
        0,
        0,
        0,
        0,
        0,
        0,
        0,
        0,
        0
      ]
    },
    {
      "command": "./ss_sort_8_32",
      "mean": 0.22610994422,
      "stddev": 0.0056747222473108394,
      "median": 0.22454022452,
      "user": 0.20709573999999997,
      "system": 0.010868056,
      "min": 0.21975427402000003,
      "max": 0.23728107402,
      "times": [
        0.21975427402000003,
        0.23728107402,
        0.22330107402000002,
        0.22204817402000002,
        0.22407587502,
        0.22504727402000002,
        0.22530577402000002,
        0.22500457402000001,
        0.23547927402000002,
        0.22380207502000002
      ],
      "exit_codes": [
        0,
        0,
        0,
        0,
        0,
        0,
        0,
        0,
        0,
        0
      ]
    },
    {
      "command": "./ss_sort_8_64",
      "mean": 0.22596051422000002,
      "stddev": 0.0033490225975389924,
      "median": 0.22440547452000004,
      "user": 0.20360464,
      "system": 0.013880423999999997,
      "min": 0.22121477402000003,
      "max": 0.23313187402000002,
      "times": [
        0.22434627402,
        0.22121477402000003,
        0.23313187402000002,
        0.22446467502000003,
        0.22685137402000002,
        0.22413917402000003,
        0.22428517402000003,
        0.22431907502,
        0.22886047402,
        0.22799227402000002
      ],
      "exit_codes": [
        0,
        0,
        0,
        0,
        0,
        0,
        0,
        0,
        0,
        0
      ]
    }
  ]
}
