{
  "results": [
    {
      "command": "./pp_scan_base",
      "mean": 0.27022046122,
      "stddev": 0.001830035795992515,
      "median": 0.27052963452,
      "user": 0.25406478000000005,
      "system": 0.008980022,
      "min": 0.26716753402000004,
      "max": 0.27320992302,
      "times": [
        0.27071203502,
        0.27160673402,
        0.26716753402000004,
        0.27097543502,
        0.27082663502000004,
        0.27034723402,
        0.26727783402,
        0.26989332402,
        0.27320992302,
        0.27018792402
      ],
      "exit_codes": [
        0,
        0,
        0,
        0,
        0,
        0,
        0,
        0,
        0,
        0
      ]
    },
    {
      "command": "./pp_scan_3_2",
      "mean": 0.27123187432,
      "stddev": 0.0031763995655879596,
      "median": 0.27096657352,
      "user": 0.26083888,
      "system": 0.00309753,
      "min": 0.26770652302000003,
      "max": 0.27793552302,
      "times": [
        0.27793552302,
        0.27119932302,
        0.27161822302,
        0.26770652302000003,
        0.26828992302,
        0.26961072402,
        0.27452262302,
        0.26818582302,
        0.27073382402,
        0.27251623402
      ],
      "exit_codes": [
        0,
        0,
        0,
        0,
        0,
        0,
        0,
        0,
        0,
        0
      ]
    },
    {
      "command": "./pp_scan_3_4",
      "mean": 0.27114956462,
      "stddev": 0.0010426704069755111,
      "median": 0.27133938502,
      "user": 0.25710827999999997,
      "system": 0.00685743,
      "min": 0.26975423502,
      "max": 0.27287033402,
      "times": [
        0.27201153402,
        0.27097693502000003,
        0.26996333402,
        0.27287033402,
        0.27171953502,
        0.27174443402000004,
        0.26975423502,
        0.27151333502,
        0.26977653502000004,
        0.27116543502
      ],
      "exit_codes": [
        0,
        0,
        0,
        0,
        0,
        0,
        0,
        0,
        0,
        0
      ]
    },
    {
      "command": "./pp_scan_3_8",
      "mean": 0.27289768722,
      "stddev": 0.002911388124692442,
      "median": 0.27220223752000006,
      "user": 0.26107838,
      "system": 0.003983884,
      "min": 0.26917763702,
      "max": 0.27970623702,
      "times": [
        0.27158023802000003,
        0.27135113702,
        0.26917763702,
        0.27144303702,
        0.27309323702,
        0.27240103702,
        0.27203513702000004,
        0.27581983702,
        0.27970623702,
        0.27236933802
      ],
      "exit_codes": [
        0,
        0,
        0,
        0,
        0,
        0,
        0,
        0,
        0,
        0
      ]
    },
    {
      "command": "./pp_scan_3_16",
      "mean": 0.27173342032000003,
      "stddev": 0.005044099491554722,
      "median": 0.27038324052,
      "user": 0.25922587999999996,
      "system": 0.00482513,
      "min": 0.26725674002,
      "max": 0.28511694002000004,
      "times": [
        0.27093554102,
        0.26959244002,
        0.27348934002,
        0.28511694002000004,
        0.27211104002000003,
        0.26843904102,
        0.26983094002,
        0.26912134002,
        0.26725674002,
        0.27144084102
      ],
      "exit_codes": [
        0,
        0,
        0,
        0,
        0,
        0,
        0,
        0,
        0,
        0
      ]
    },
    {
      "command": "./pp_scan_3_32",
      "mean": 0.27212658872000006,
      "stddev": 0.0027912278610314222,
      "median": 0.27132785902,
      "user": 0.2612867800000001,
      "system": 0.0030868299999999996,
      "min": 0.26834345902,
      "max": 0.27826275902000003,
      "times": [
        0.27099015902,
        0.27826275902000003,
        0.27040605802,
        0.27063815802,
        0.27426105902000003,
        0.27428155902,
        0.27175115802,
        0.26834345902,
        0.27166555902,
        0.27066595902
      ],
      "exit_codes": [
        0,
        0,
        0,
        0,
        0,
        0,
        0,
        0,
        0,
        0
      ]
    },
    {
      "command": "./pp_scan_3_64",
      "mean": 0.27079038812,
      "stddev": 0.0026358224023906723,
      "median": 0.26989908802000007,
      "user": 0.25607288,
      "system": 0.007072221999999999,
      "min": 0.26825253802,
      "max": 0.27697533802,
      "times": [
        0.26940163802,
        0.26964473802,
        0.27697533802,
        0.26825253802,
        0.27034413902000004,
        0.27315593802,
        0.26837953802000003,
        0.27005343802000004,
        0.27195183802,
        0.26974473802000004
      ],
      "exit_codes": [
        0,
        0,
        0,
        0,
        0,
        0,
        0,
        0,
        0,
        0
      ]
    }
  ]
}
