{
  "results": [
    {
      "command": "./pp_scan_base",
      "mean": 0.273757297,
      "stddev": 0.002553197418836932,
      "median": 0.27284096700000005,
      "user": 0.26242246,
      "system": 0.0029332439999999998,
      "min": 0.270870217,
      "max": 0.278520317,
      "times": [
        0.276688517,
        0.273180217,
        0.271780517,
        0.278520317,
        0.271229117,
        0.272278517,
        0.27250171700000003,
        0.27551911700000004,
        0.275004717,
        0.270870217
      ],
      "exit_codes": [
        0,
        0,
        0,
        0,
        0,
        0,
        0,
        0,
        0,
        0
      ]
    },
    {
      "command": "./pp_scan_4_2",
      "mean": 0.2756663975,
      "stddev": 0.01944001676577924,
      "median": 0.2696843675,
      "user": 0.26190086,
      "system": 0.004964209999999999,
      "min": 0.267284617,
      "max": 0.330911118,
      "times": [
        0.330911118,
        0.270783418,
        0.267284617,
        0.268939517,
        0.26919001800000003,
        0.270143617,
        0.269593017,
        0.271055718,
        0.269775718,
        0.268987217
      ],
      "exit_codes": [
        0,
        0,
        0,
        0,
        0,
        0,
        0,
        0,
        0,
        0
      ]
    },
    {
      "command": "./pp_scan_4_4",
      "mean": 0.26882933760000005,
      "stddev": 0.0017852620665313528,
      "median": 0.268594617,
      "user": 0.25555466000000004,
      "system": 0.0050477099999999995,
      "min": 0.266160618,
      "max": 0.273208817,
      "times": [
        0.26873941700000004,
        0.267925418,
        0.268360818,
        0.268020018,
        0.266160618,
        0.273208817,
        0.269297118,
        0.268731317,
        0.269391918,
        0.268457917
      ],
      "exit_codes": [
        0,
        0,
        0,
        0,
        0,
        0,
        0,
        0,
        0,
        0
      ]
    },
    {
      "command": "./pp_scan_4_8",
      "mean": 0.2691616777,
      "stddev": 0.0026849169989315016,
      "median": 0.268724168,
      "user": 0.25784086,
      "system": 0.003060766,
      "min": 0.26650971700000003,
      "max": 0.275919018,
      "times": [
        0.268133418,
        0.267105818,
        0.27026721800000003,
        0.275919018,
        0.26650971700000003,
        0.269314918,
        0.269408417,
        0.26727701800000003,
        0.269798717,
        0.267882518
      ],
      "exit_codes": [
        0,
        0,
        0,
        0,
        0,
        0,
        0,
        0,
        0,
        0
      ]
    },
    {
      "command": "./pp_scan_4_16",
      "mean": 0.266291258,
      "stddev": 0.002210861065135781,
      "median": 0.266677068,
      "user": 0.25218946,
      "system": 0.00610111,
      "min": 0.262400218,
      "max": 0.270000218,
      "times": [
        0.265397718,
        0.270000218,
        0.26722861800000003,
        0.262400218,
        0.26355111800000003,
        0.26534091800000004,
        0.266616518,
        0.266737618,
        0.267701518,
        0.267938118
      ],
      "exit_codes": [
        0,
        0,
        0,
        0,
        0,
        0,
        0,
        0,
        0,
        0
      ]
    },
    {
      "command": "./pp_scan_4_32",
      "mean": 0.2680600985,
      "stddev": 0.0013255071672132186,
      "median": 0.2683022185,
      "user": 0.25158826,
      "system": 0.008054332,
      "min": 0.265373819,
      "max": 0.270078518,
      "times": [
        0.270078518,
        0.268944619,
        0.268539318,
        0.265373819,
        0.267365218,
        0.26880711900000004,
        0.266932318,
        0.26899831900000004,
        0.267496618,
        0.268065119
      ],
      "exit_codes": [
        0,
        0,
        0,
        0,
        0,
        0,
        0,
        0,
        0,
        0
      ]
    },
    {
      "command": "./pp_scan_4_64",
      "mean": 0.27446641780000003,
      "stddev": 0.01995160316638296,
      "median": 0.2685537175,
      "user": 0.26254856,
      "system": 0.0030108879999999998,
      "min": 0.26474031800000003,
      "max": 0.330902018,
      "times": [
        0.269979419,
        0.266660818,
        0.272258718,
        0.266112618,
        0.26474031800000003,
        0.330902018,
        0.26931771800000004,
        0.267062917,
        0.26983991700000004,
        0.26778971700000004
      ],
      "exit_codes": [
        0,
        0,
        0,
        0,
        0,
        0,
        0,
        0,
        0,
        0
      ]
    }
  ]
}
