{
  "results": [
    {
      "command": "./bb_gemm_no",
      "mean": 0.22337684144,
      "stddev": 0.010685750979184713,
      "median": 0.21955023514,
      "user": 0.21024919999999997,
      "system": 0.005064689999999999,
      "min": 0.21475940114,
      "max": 0.24911575714000003,
      "times": [
        0.23412324014000002,
        0.22087617214000002,
        0.22031375614,
        0.24911575714000003,
        0.21642064814,
        0.21584833214000002,
        0.21799099114,
        0.22553340214,
        0.21475940114,
        0.21878671414
      ],
      "exit_codes": [
        0,
        0,
        0,
        0,
        0,
        0,
        0,
        0,
        0,
        0
      ]
    },
    {
      "command": "./bb_gemm_auto",
      "mean": 0.18472422077636363,
      "stddev": 0.0047018221808749925,
      "median": 0.18397704614000002,
      "user": 0.17380533636363638,
      "system": 0.0036198109090909082,
      "min": 0.17703655214,
      "max": 0.19428213214,
      "times": [
        0.18499217414000002,
        0.19428213214,
        0.18016593914,
        0.18117606714,
        0.18524208114000001,
        0.18737754014000002,
        0.18381264114,
        0.18390634314,
        0.18999791214,
        0.17703655214,
        0.18397704614000002
      ],
      "exit_codes": [
        0,
        0,
        0,
        0,
        0,
        0,
        0,
        0,
        0,
        0,
        0
      ]
    },
    {
      "command": "./bb_gemm_manual",
      "mean": 0.1654094390490909,
      "stddev": 0.00502169854177101,
      "median": 0.16385097414,
      "user": 0.15518197272727272,
      "system": 0.0018505418181818181,
      "min": 0.16001738614,
      "max": 0.17778911614,
      "times": [
        0.17778911614,
        0.16502060114,
        0.17073413214,
        0.16613962714,
        0.16343386414,
        0.16623992814000002,
        0.16385097414,
        0.16195243014000002,
        0.16277714914000002,
        0.16001738614,
        0.16154862114000001
      ],
      "exit_codes": [
        0,
        0,
        0,
        0,
        0,
        0,
        0,
        0,
        0,
        0,
        0
      ]
    },
    {
      "command": "./bb_gemm_2",
      "mean": 0.1846911243218182,
      "stddev": 0.009890903630374372,
      "median": 0.18252600214,
      "user": 0.17475706363636365,
      "system": 0.0027172672727272724,
      "min": 0.17729138214,
      "max": 0.21240788714,
      "times": [
        0.18161878114000002,
        0.18564617314,
        0.18252600214,
        0.17736528314,
        0.17729138214,
        0.18698910414,
        0.18630818914,
        0.17772859214,
        0.17919402614000002,
        0.21240788714,
        0.18452694714
      ],
      "exit_codes": [
        0,
        0,
        0,
        0,
        0,
        0,
        0,
        0,
        0,
        0,
        0
      ]
    },
    {
      "command": "./bb_gemm_4",
      "mean": 0.16431790972333335,
      "stddev": 0.0041399496210924565,
      "median": 0.16339202064,
      "user": 0.15335236666666666,
      "system": 0.002672161666666667,
      "min": 0.16143671914000002,
      "max": 0.17672296914000002,
      "times": [
        0.16211603414,
        0.16411478014,
        0.16201443214,
        0.16414408014,
        0.16143671914000002,
        0.16603422414000002,
        0.16357676814,
        0.16199043214,
        0.16188702914,
        0.17672296914000002,
        0.16320727314,
        0.16457017514
      ],
      "exit_codes": [
        0,
        0,
        0,
        0,
        0,
        0,
        0,
        0,
        0,
        0,
        0,
        0
      ]
    },
    {
      "command": "./bb_gemm_8",
      "mean": 0.17818351404909094,
      "stddev": 0.009067487455311088,
      "median": 0.17743109314,
      "user": 0.1613547,
      "system": 0.007271714545454545,
      "min": 0.16901875414,
      "max": 0.19627235214000002,
      "times": [
        0.17869214314,
        0.19277381114,
        0.19627235214000002,
        0.17066272014,
        0.16901875414,
        0.16931096514000002,
        0.17829952714,
        0.18116444314000002,
        0.17449387514,
        0.17743109314,
        0.17189897014
      ],
      "exit_codes": [
        0,
        0,
        0,
        0,
        0,
        0,
        0,
        0,
        0,
        0,
        0
      ]
    },
    {
      "command": "./bb_gemm_16",
      "mean": 0.16748570141272728,
      "stddev": 0.007635197707039094,
      "median": 0.16713557814000002,
      "user": 0.1535307,
      "system": 0.00376672,
      "min": 0.15916515714,
      "max": 0.18354724014,
      "times": [
        0.17881994914000002,
        0.16974078314000002,
        0.16806171514,
        0.15916515714,
        0.16046340914,
        0.16189466714,
        0.18354724014,
        0.16754559514,
        0.16713557814000002,
        0.16241328714,
        0.16355533414
      ],
      "exit_codes": [
        0,
        0,
        0,
        0,
        0,
        0,
        0,
        0,
        0,
        0,
        0
      ]
    },
    {
      "command": "./bb_gemm_32",
      "mean": 0.16747072222333334,
      "stddev": 0.004773965073354404,
      "median": 0.16706039164000003,
      "user": 0.14992078333333334,
      "system": 0.007467488333333332,
      "min": 0.15841992714,
      "max": 0.17639955114,
      "times": [
        0.16550971214000001,
        0.17639955114,
        0.17563022014000002,
        0.16598773214,
        0.16866583914,
        0.15841992714,
        0.16746019114000002,
        0.16530970414,
        0.16437196714000002,
        0.16666059214,
        0.16748341214,
        0.16774981814
      ],
      "exit_codes": [
        0,
        0,
        0,
        0,
        0,
        0,
        0,
        0,
        0,
        0,
        0,
        0
      ]
    },
    {
      "command": "./bb_gemm_64",
      "mean": 0.16042074380666668,
      "stddev": 0.0024842627470945382,
      "median": 0.15989583114,
      "user": 0.1474035333333333,
      "system": 0.0024242450000000002,
      "min": 0.15759907714000002,
      "max": 0.16426883614,
      "times": [
        0.15986673014,
        0.16414493214,
        0.15913931314000002,
        0.15781618114,
        0.16080465314,
        0.15759907714000002,
        0.15992493214,
        0.16069185014,
        0.16404273014,
        0.15784648214,
        0.16426883614,
        0.15890320814
      ],
      "exit_codes": [
        0,
        0,
        0,
        0,
        0,
        0,
        0,
        0,
        0,
        0,
        0,
        0
      ]
    }
  ]
}
