{
  "results": [
    {
      "command": "./pp_scan_base",
      "mean": 0.2797022067,
      "stddev": 0.01930747652137942,
      "median": 0.27225130799999997,
      "user": 0.26480417999999994,
      "system": 0.006883639999999999,
      "min": 0.269419658,
      "max": 0.33242045800000003,
      "times": [
        0.272241458,
        0.269419658,
        0.26963475800000003,
        0.272261158,
        0.270853658,
        0.272500057,
        0.33242045800000003,
        0.277570058,
        0.287893252,
        0.27222755200000004
      ],
      "exit_codes": [
        0,
        0,
        0,
        0,
        0,
        0,
        0,
        0,
        0,
        0
      ]
    },
    {
      "command": "./pp_scan_0_2",
      "mean": 0.272328912,
      "stddev": 0.002560971342284028,
      "median": 0.271577152,
      "user": 0.26223137999999996,
      "system": 0.002926176,
      "min": 0.270014352,
      "max": 0.27856915200000004,
      "times": [
        0.270558652,
        0.271854152,
        0.27856915200000004,
        0.271068152,
        0.27441245200000003,
        0.273045452,
        0.270376852,
        0.272089752,
        0.271300152,
        0.270014352
      ],
      "exit_codes": [
        0,
        0,
        0,
        0,
        0,
        0,
        0,
        0,
        0,
        0
      ]
    },
    {
      "command": "./pp_scan_0_4",
      "mean": 0.27184500740000006,
      "stddev": 0.0020784924469486256,
      "median": 0.271390107,
      "user": 0.25812828,
      "system": 0.006002704,
      "min": 0.269118157,
      "max": 0.27602285800000004,
      "times": [
        0.27602285800000004,
        0.274561257,
        0.270880757,
        0.272255858,
        0.270678057,
        0.269118157,
        0.272114458,
        0.270941457,
        0.27183875700000004,
        0.27003845800000004
      ],
      "exit_codes": [
        0,
        0,
        0,
        0,
        0,
        0,
        0,
        0,
        0,
        0
      ]
    },
    {
      "command": "./pp_scan_0_8",
      "mean": 0.27217326779999995,
      "stddev": 0.0018702064610756463,
      "median": 0.27280540750000004,
      "user": 0.25961378,
      "system": 0.004821552,
      "min": 0.268535158,
      "max": 0.274105458,
      "times": [
        0.272561257,
        0.268535158,
        0.273748358,
        0.273049558,
        0.274105458,
        0.269440458,
        0.271412358,
        0.272138057,
        0.273681558,
        0.273060458
      ],
      "exit_codes": [
        0,
        0,
        0,
        0,
        0,
        0,
        0,
        0,
        0,
        0
      ]
    },
    {
      "command": "./pp_scan_0_16",
      "mean": 0.2725760881,
      "stddev": 0.001363038394239576,
      "median": 0.272323758,
      "user": 0.25671137999999993,
      "system": 0.007967715999999998,
      "min": 0.270286458,
      "max": 0.275069958,
      "times": [
        0.275069958,
        0.272014158,
        0.270286458,
        0.274094359,
        0.27242225800000003,
        0.272225258,
        0.273587558,
        0.27152495800000004,
        0.271973358,
        0.272562558
      ],
      "exit_codes": [
        0,
        0,
        0,
        0,
        0,
        0,
        0,
        0,
        0,
        0
      ]
    },
    {
      "command": "./pp_scan_0_32",
      "mean": 0.27419299520000007,
      "stddev": 0.005072585848822211,
      "median": 0.272556005,
      "user": 0.25875678,
      "system": 0.00695174,
      "min": 0.27161835500000003,
      "max": 0.28842105500000004,
      "times": [
        0.272047255,
        0.27161835500000003,
        0.272020255,
        0.27416865500000004,
        0.272343655,
        0.27176685500000003,
        0.27391475600000004,
        0.272768355,
        0.27286075600000004,
        0.28842105500000004
      ],
      "exit_codes": [
        0,
        0,
        0,
        0,
        0,
        0,
        0,
        0,
        0,
        0
      ]
    },
    {
      "command": "./pp_scan_0_64",
      "mean": 0.27088012679999995,
      "stddev": 0.002614114649625583,
      "median": 0.27096575700000003,
      "user": 0.25461718,
      "system": 0.008909216,
      "min": 0.267569857,
      "max": 0.27635765700000003,
      "times": [
        0.27175725500000003,
        0.27096215700000004,
        0.27635765700000003,
        0.271401157,
        0.269310157,
        0.269078357,
        0.270969357,
        0.273315657,
        0.267569857,
        0.268079657
      ],
      "exit_codes": [
        0,
        0,
        0,
        0,
        0,
        0,
        0,
        0,
        0,
        0
      ]
    }
  ]
}
