{
  "results": [
    {
      "command": "./pp_scan_base",
      "mean": 0.27719151470000003,
      "stddev": 0.006482772370269298,
      "median": 0.27483412500000004,
      "user": 0.26133649999999997,
      "system": 0.004298583999999999,
      "min": 0.270158325,
      "max": 0.289585525,
      "times": [
        0.285825225,
        0.280151425,
        0.271398625,
        0.273906324,
        0.289585525,
        0.274259925,
        0.271690524,
        0.279530924,
        0.275408325,
        0.270158325
      ],
      "exit_codes": [
        0,
        0,
        0,
        0,
        0,
        0,
        0,
        0,
        0,
        0
      ]
    },
    {
      "command": "./pp_scan_2_2",
      "mean": 0.2748891444,
      "stddev": 0.0033864863891788495,
      "median": 0.274740975,
      "user": 0.25930230000000004,
      "system": 0.004882184,
      "min": 0.271068525,
      "max": 0.283538324,
      "times": [
        0.283538324,
        0.272637124,
        0.275305324,
        0.275160024,
        0.271068525,
        0.275546525,
        0.274816625,
        0.274665325,
        0.273923724,
        0.272229924
      ],
      "exit_codes": [
        0,
        0,
        0,
        0,
        0,
        0,
        0,
        0,
        0,
        0
      ]
    },
    {
      "command": "./pp_scan_2_4",
      "mean": 0.2751904349,
      "stddev": 0.0036170389322056273,
      "median": 0.2740594245,
      "user": 0.26086739999999997,
      "system": 0.005034884,
      "min": 0.271727325,
      "max": 0.283205525,
      "times": [
        0.273800825,
        0.273233925,
        0.274318024,
        0.283205525,
        0.272428825,
        0.275407525,
        0.274425725,
        0.271727325,
        0.273338725,
        0.280017925
      ],
      "exit_codes": [
        0,
        0,
        0,
        0,
        0,
        0,
        0,
        0,
        0,
        0
      ]
    },
    {
      "command": "./pp_scan_2_8",
      "mean": 0.27606857509999994,
      "stddev": 0.0024506102784340815,
      "median": 0.2756066755,
      "user": 0.2610653,
      "system": 0.004891511999999999,
      "min": 0.273089425,
      "max": 0.280592525,
      "times": [
        0.274620525,
        0.280592525,
        0.278902825,
        0.273365925,
        0.276916025,
        0.276381825,
        0.274424825,
        0.277560325,
        0.273089425,
        0.274831526
      ],
      "exit_codes": [
        0,
        0,
        0,
        0,
        0,
        0,
        0,
        0,
        0,
        0
      ]
    },
    {
      "command": "./pp_scan_2_16",
      "mean": 0.2764634452,
      "stddev": 0.005278412703524104,
      "median": 0.273915425,
      "user": 0.2612671,
      "system": 0.004980239999999999,
      "min": 0.272201325,
      "max": 0.286701825,
      "times": [
        0.273132825,
        0.286701825,
        0.272201325,
        0.274698025,
        0.272845925,
        0.279469525,
        0.272645026,
        0.275703126,
        0.284405725,
        0.272831125
      ],
      "exit_codes": [
        0,
        0,
        0,
        0,
        0,
        0,
        0,
        0,
        0,
        0
      ]
    },
    {
      "command": "./pp_scan_2_32",
      "mean": 0.2749984354,
      "stddev": 0.0034513717948072937,
      "median": 0.275545125,
      "user": 0.26102269999999994,
      "system": 0.004024284,
      "min": 0.269457125,
      "max": 0.281032826,
      "times": [
        0.277865625,
        0.272770926,
        0.27331352600000003,
        0.281032826,
        0.276087225,
        0.276578525,
        0.27092662500000003,
        0.275003025,
        0.269457125,
        0.276948926
      ],
      "exit_codes": [
        0,
        0,
        0,
        0,
        0,
        0,
        0,
        0,
        0,
        0
      ]
    },
    {
      "command": "./pp_scan_2_64",
      "mean": 0.27682249500000006,
      "stddev": 0.006184269095958076,
      "median": 0.275498725,
      "user": 0.25375590000000003,
      "system": 0.012260596,
      "min": 0.269781225,
      "max": 0.292798625,
      "times": [
        0.277368125,
        0.279266425,
        0.276095125,
        0.275511025,
        0.275346125,
        0.292798625,
        0.269781225,
        0.275486425,
        0.272313425,
        0.27425842500000003
      ],
      "exit_codes": [
        0,
        0,
        0,
        0,
        0,
        0,
        0,
        0,
        0,
        0
      ]
    }
  ]
}
