command,mean,stddev,median,user,system,min,max
./fft_no,0.008639038317894738,0.0010056521444629317,0.00880039866,0.0013545336842105261,0.0001302157894736842,0.006255439160000001,0.010793840160000002
./fft_auto,0.00838092419030303,0.0011539897321826429,0.008630455160000002,0.0011389842424242424,0.00021394181818181818,0.00638786716,0.010611533160000002
./fft_manual,0.00945054191757576,0.001179762390357827,0.00963092016,0.0012593175757575758,0.00012444727272727273,0.006348766160000001,0.01204223116
./fft_2,0.011656903542352945,0.0012046985773190007,0.01191648116,0.0012458247058823532,0.0004251258823529412,0.008715615160000002,0.01331093816
./fft_4,0.014916289718823531,0.001632731808243569,0.01530769766,0.0018395600000000003,0.00029390117647058825,0.01071062616,0.01773265916
./fft_8,0.014399919807058825,0.0026676225947391175,0.014308856160000001,0.0021841905882352946,0.000340224705882353,0.01025619816,0.019307301160000002
./fft_16,0.013478651445714283,0.0014601098981190251,0.013245231160000003,0.002426045714285714,0.0001540662857142857,0.01102720616,0.01686987316
./fft_32,0.01367449867724138,0.0016770298584260635,0.013525535160000001,0.0021989393103448275,0.00043726344827586203,0.010510500160000002,0.01783868416
./fft_64,0.01461201359333333,0.0012476653269182319,0.014336565660000002,0.002345922666666666,0.00030865866666666665,0.012824711160000002,0.017634925160000002
