{
  "results": [
    {
      "command": "./md_base",
      "mean": 0.021376597744705884,
      "stddev": 0.0010213765065624728,
      "median": 0.021068473980000002,
      "user": 0.011746729411764705,
      "system": 0.0013204341176470586,
      "min": 0.01971582398,
      "max": 0.02469452398,
      "times": [
        0.022221923980000002,
        0.02080412498,
        0.021423823980000003,
        0.01971582398,
        0.02308212398,
        0.020891023980000003,
        0.02114192498,
        0.02469452398,
        0.021762523980000004,
        0.021148823980000002,
        0.020912124980000002,
        0.023185723980000003,
        0.02249022398,
        0.02077332398,
        0.020653223980000003,
        0.02070312498,
        0.021829924980000002,
        0.021322223980000003,
        0.02057872398,
        0.021084323980000003,
        0.022324724980000002,
        0.021435524980000002,
        0.022598623980000003,
        0.020840323980000002,
        0.02092702398,
        0.020252824980000004,
        0.021220423980000003,
        0.02068162398,
        0.02019432398,
        0.02101752398,
        0.020333823980000002,
        0.022634823980000003,
        0.02105262398,
        0.020870523980000003
      ],
      "exit_codes": [
        0,
        0,
        0,
        0,
        0,
        0,
        0,
        0,
        0,
        0,
        0,
        0,
        0,
        0,
        0,
        0,
        0,
        0,
        0,
        0,
        0,
        0,
        0,
        0,
        0,
        0,
        0,
        0,
        0,
        0,
        0,
        0,
        0,
        0
      ]
    },
    {
      "command": "./md_1_2",
      "mean": 0.02086920288909091,
      "stddev": 0.0013801625321104027,
      "median": 0.020499023980000003,
      "user": 0.01199951818181818,
      "system": 0.0007685575757575756,
      "min": 0.019106323980000003,
      "max": 0.026127823980000003,
      "times": [
        0.021150323980000003,
        0.020499023980000003,
        0.020473223980000003,
        0.020683523980000004,
        0.01987542398,
        0.02017752398,
        0.02247562398,
        0.01956042398,
        0.020243223980000002,
        0.019842224980000003,
        0.01994502398,
        0.020643223980000003,
        0.02256442398,
        0.02075292398,
        0.01962702398,
        0.02048182398,
        0.022817723980000003,
        0.022422023980000004,
        0.020296223980000003,
        0.02006762498,
        0.02084162398,
        0.02050752398,
        0.020663723980000003,
        0.019727423980000002,
        0.020438823980000003,
        0.01933792398,
        0.02212172398,
        0.021548323980000002,
        0.019106323980000003,
        0.026127823980000003,
        0.022633823980000002,
        0.02000792498,
        0.02102212498
      ],
      "exit_codes": [
        0,
        0,
        0,
        0,
        0,
        0,
        0,
        0,
        0,
        0,
        0,
        0,
        0,
        0,
        0,
        0,
        0,
        0,
        0,
        0,
        0,
        0,
        0,
        0,
        0,
        0,
        0,
        0,
        0,
        0,
        0,
        0,
        0
      ]
    },
    {
      "command": "./md_1_4",
      "mean": 0.02035857986235294,
      "stddev": 0.0007338747796709437,
      "median": 0.020355073980000003,
      "user": 0.010655258823529414,
      "system": 0.00139616,
      "min": 0.01880752398,
      "max": 0.02238332398,
      "times": [
        0.02021372398,
        0.019960423980000003,
        0.02089012398,
        0.02045202398,
        0.020039923980000002,
        0.020840823980000003,
        0.019582523980000002,
        0.020693623980000003,
        0.020441023980000004,
        0.020408523980000003,
        0.02010782398,
        0.019308523980000002,
        0.019849523980000002,
        0.020513223980000002,
        0.020224923980000004,
        0.019834723980000003,
        0.020649623980000004,
        0.020227923980000003,
        0.020420023980000004,
        0.02066062398,
        0.020301623980000003,
        0.019769323980000003,
        0.020024023980000003,
        0.02238332398,
        0.02095392398,
        0.01880752398,
        0.018985923980000003,
        0.020654923980000003,
        0.020740923980000003,
        0.020475523980000004,
        0.02226652398,
        0.020196923980000003,
        0.02136622398,
        0.019945323980000002
      ],
      "exit_codes": [
        0,
        0,
        0,
        0,
        0,
        0,
        0,
        0,
        0,
        0,
        0,
        0,
        0,
        0,
        0,
        0,
        0,
        0,
        0,
        0,
        0,
        0,
        0,
        0,
        0,
        0,
        0,
        0,
        0,
        0,
        0,
        0,
        0,
        0
      ]
    },
    {
      "command": "./md_1_8",
      "mean": 0.02072645731333333,
      "stddev": 0.0012025913904114179,
      "median": 0.020356423980000003,
      "user": 0.01077430606060606,
      "system": 0.0011401248484848483,
      "min": 0.019136723980000003,
      "max": 0.023980723980000004,
      "times": [
        0.019229623980000003,
        0.020333123980000003,
        0.020258923980000003,
        0.021207223980000002,
        0.02047412398,
        0.02012782398,
        0.019446223980000003,
        0.020153923980000002,
        0.019437423980000004,
        0.020333223980000002,
        0.020703623980000002,
        0.019136723980000003,
        0.01998052398,
        0.019858223980000003,
        0.021696623980000003,
        0.022786223980000003,
        0.021958423980000003,
        0.022297823980000003,
        0.02245642398,
        0.022038323980000003,
        0.01928292398,
        0.020356423980000003,
        0.019958223980000002,
        0.02077382398,
        0.022717223980000003,
        0.01996062398,
        0.02082822398,
        0.020590323980000002,
        0.01935082398,
        0.02171622398,
        0.023980723980000004,
        0.020616923980000004,
        0.019926023980000002
      ],
      "exit_codes": [
        0,
        0,
        0,
        0,
        0,
        0,
        0,
        0,
        0,
        0,
        0,
        0,
        0,
        0,
        0,
        0,
        0,
        0,
        0,
        0,
        0,
        0,
        0,
        0,
        0,
        0,
        0,
        0,
        0,
        0,
        0,
        0,
        0
      ]
    },
    {
      "command": "./md_1_16",
      "mean": 0.02059422114666667,
      "stddev": 0.0010623394727582948,
      "median": 0.020353173980000003,
      "user": 0.010960338888888888,
      "system": 0.00101791,
      "min": 0.019242423980000003,
      "max": 0.023578823980000004,
      "times": [
        0.022409523980000002,
        0.02291842398,
        0.020958823980000003,
        0.021295223980000003,
        0.019417023980000003,
        0.02094342298,
        0.020173223980000002,
        0.020345823980000004,
        0.021785923980000003,
        0.019879723980000003,
        0.019352123980000004,
        0.020002423980000003,
        0.020455823980000003,
        0.020451723980000003,
        0.023578823980000004,
        0.021038723980000004,
        0.020360722980000003,
        0.021038823980000003,
        0.02219172398,
        0.020360523980000003,
        0.021569923980000003,
        0.019242423980000003,
        0.020148623980000002,
        0.021561523980000004,
        0.019321223980000003,
        0.019803423980000002,
        0.019884023980000002,
        0.020139023980000004,
        0.01937182398,
        0.019724823980000004,
        0.021413123980000004,
        0.01993962398,
        0.019596523980000002,
        0.019516423980000003,
        0.020263723980000002,
        0.020937123980000003
      ],