command,mean,stddev,median,user,system,min,max
./pp_scan_no,0.34751624414000004,0.01425149665524853,0.34508418594,0.33382409999999996,0.007108099999999999,0.33276633944000006,0.37247029444000007
./pp_scan_auto,0.33901314964000007,0.007919756396859575,0.33903167394,0.32390779999999997,0.008438000000000001,0.32732036244000007,0.34769009144000007
./pp_scan_manual,0.33639425074000007,0.011889586150060331,0.33687435694,0.3203743,0.0089993,0.31999343544000003,0.35125050144000003
./pp_scan_2,0.32881765624,0.011499891531167695,0.32707264244,0.3121753,0.010323200000000001,0.31697144144000006,0.35740944844000005
./pp_scan_4,0.3538798537400001,0.01588227538342362,0.35044064444,0.3375,0.007054499999999998,0.33401686544000003,0.39095488444000004
./pp_scan_8,0.3993667564400001,0.01781860388887474,0.39148534544,0.3814851,0.0060319,0.37536325344000004,0.42983520644000006
./pp_scan_16,0.39145359854000006,0.02209464133445482,0.38939344994,0.3578954,0.0237647,0.36588102444000004,0.44363859544000006
./pp_scan_32,0.37792271344,0.028722921860524296,0.36704422144000004,0.3582665,0.010220299999999998,0.35232750444000005,0.45013337544000004
./pp_scan_64,0.3731698414400001,0.016166755611798853,0.36663702194000003,0.3515023,0.011012999999999998,0.35741602544000006,0.40997502844000006
