command,mean,stddev,median,user,system,min,max
./triad_no,0.013874981867692308,0.0027124531669410813,0.01331901256,0.0024944907692307687,0.0005624976923076923,0.01195965756,0.02583445456
./triad_auto,0.01351536660347826,0.0012669303780581944,0.01326914256,0.0022817382608695657,0.000765164347826087,0.01187092856,0.01727398056
./triad_manual,0.014312404080000002,0.0015534667092068125,0.01453995456,0.0027097696000000005,0.0005623408,0.01094971956,0.01709277856
./triad_2,0.013579092605454542,0.0016257768961038576,0.013273087060000001,0.0027630781818181816,0.00036462181818181817,0.01138705856,0.01900579756
./triad_4,0.013869337600000002,0.002347159776365176,0.01359809956,0.00306438,0.0001025768,0.01163451956,0.020533598559999998
./triad_8,0.013203822732413792,0.0018010372082414273,0.01289616056,0.002467846206896552,0.0004874751724137931,0.010765136560000001,0.02007764056
./triad_16,0.013670311083809525,0.0018603388296269203,0.01318636356,0.002742117142857143,0.0005301476190476192,0.01110874056,0.01765463356
./triad_32,0.017974002004444444,0.002419521893111694,0.01749152456,0.0029115,0.0010019548148148148,0.015256903560000002,0.02769447356
./triad_64,0.018308353374814814,0.002366602763548271,0.018002852559999998,0.0033141118518518523,0.0005820933333333334,0.01580613256,0.02689803156
