{
  "results": [
    {
      "command": "./triad_no",
      "mean": 0.013874981867692308,
      "stddev": 0.0027124531669410813,
      "median": 0.01331901256,
      "user": 0.0024944907692307687,
      "system": 0.0005624976923076923,
      "min": 0.01195965756,
      "max": 0.02583445456,
      "times": [
        0.015482871560000002,
        0.01331746256,
        0.01195965756,
        0.012523658560000001,
        0.01291806056,
        0.01294806056,
        0.012791060560000001,
        0.01377666456,
        0.01332056256,
        0.01418386656,
        0.013176261560000001,
        0.01248715956,
        0.01335896256,
        0.017942382559999998,
        0.01412054156,
        0.01335911656,
        0.01303174656,
        0.01238140756,
        0.01215292856,
        0.013341317560000001,
        0.01226771756,
        0.013548598560000001,
        0.013840171560000001,
        0.01306664356,
        0.02583445456,
        0.01361819256
      ],
      "exit_codes": [
        0,
        0,
        0,
        0,
        0,
        0,
        0,
        0,
        0,
        0,
        0,
        0,
        0,
        0,
        0,
        0,
        0,
        0,
        0,
        0,
        0,
        0,
        0,
        0,
        0,
        0
      ]
    },
    {
      "command": "./triad_auto",
      "mean": 0.01351536660347826,
      "stddev": 0.0012669303780581944,
      "median": 0.01326914256,
      "user": 0.0022817382608695657,
      "system": 0.000765164347826087,
      "min": 0.01187092856,
      "max": 0.01727398056,
      "times": [
        0.014257832560000001,
        0.013719182560000001,
        0.01215452856,
        0.014501109560000001,
        0.013179332560000001,
        0.015528213560000002,
        0.01554916456,
        0.01326914256,
        0.01727398056,
        0.013719146560000001,
        0.01313754056,
        0.01355874456,
        0.01383814756,
        0.01187092856,
        0.01235683356,
        0.012343432560000001,
        0.01282643756,
        0.012828737560000001,
        0.01363794556,
        0.01310634056,
        0.01334244256,
        0.01213513056,
        0.01271913656
      ],
      "exit_codes": [
        0,
        0,
        0,
        0,
        0,
        0,
        0,
        0,
        0,
        0,
        0,
        0,
        0,
        0,
        0,
        0,
        0,
        0,
        0,
        0,
        0,
        0,
        0
      ]
    },
    {
      "command": "./triad_manual",
      "mean": 0.014312404080000002,
      "stddev": 0.0015534667092068125,
      "median": 0.01453995456,
      "user": 0.0027097696000000005,
      "system": 0.0005623408,
      "min": 0.01094971956,
      "max": 0.01709277856,
      "times": [
        0.01530366156,
        0.01309884056,
        0.01669237456,
        0.01247633456,
        0.01239493356,
        0.01307673956,
        0.014732455560000001,
        0.01677537556,
        0.01351054456,
        0.01375454756,
        0.016730174559999998,
        0.014578854560000002,
        0.01453995456,
        0.01509805956,
        0.012539735560000001,
        0.01297553956,
        0.01466245556,
        0.01330614156,
        0.01388914856,
        0.01094971956,
        0.015563964559999999,
        0.014622555560000002,
        0.01709277856,
        0.014439453560000001,
        0.01500575856
      ],
      "exit_codes": [
        0,
        0,
        0,
        0,
        0,
        0,
        0,
        0,
        0,
        0,
        0,
        0,
        0,
        0,
        0,
        0,
        0,
        0,
        0,
        0,
        0,
        0,
        0,
        0,
        0
      ]
    },
    {
      "command": "./triad_2",
      "mean": 0.013579092605454542,
      "stddev": 0.0016257768961038576,
      "median": 0.013273087060000001,
      "user": 0.0027630781818181816,
      "system": 0.00036462181818181817,
      "min": 0.01138705856,
      "max": 0.01900579756,
      "times": [
        0.01900579756,
        0.011901228560000001,
        0.01286223756,
        0.01293923856,
        0.01570476556,
        0.01274873756,
        0.014773356560000001,
        0.014864256560000002,
        0.01345224356,
        0.013222141560000001,
        0.01514945956,
        0.013466268560000001,
        0.01279290356,
        0.01264916856,
        0.01367571956,
        0.01229348056,
        0.01138705856,
        0.01281270756,
        0.011958498560000001,
        0.01391357656,
        0.01384315956,
        0.01332403256
      ],
      "exit_codes": [
        0,
        0,
        0,
        0,
        0,
        0,
        0,
        0,
        0,
        0,
        0,
        0,
        0,
        0,
        0,
        0,
        0,
        0,
        0,
        0,
        0,
        0
      ]
    },
    {
      "command": "./triad_4",
      "mean": 0.013869337600000002,
      "stddev": 0.002347159776365176,
      "median": 0.01359809956,
      "user": 0.00306438,
      "system": 0.0001025768,
      "min": 0.01163451956,
      "max": 0.020533598559999998,
      "times": [
        0.020533598559999998,
        0.012713083560000001,
        0.013609102560000001,
        0.011672027560000001,
        0.014382592559999999,
        0.016689657559999998,
        0.01359809956,
        0.01325291556,
        0.01403930856,
        0.01209603256,
        0.011659124560000001,
        0.01515518156,
        0.01210283356,
        0.01388146956,
        0.01163451956,
        0.012012211560000001,
        0.01201661256,
        0.01467416456,
        0.02004307856,
        0.01295114256,
        0.014465812560000001,
        0.01214594456,
        0.014624150560000002,
        0.011935292560000001,
        0.01484548256
      ],
      "exit_codes": [
        0,
        0,
        0,
        0,
        0,
        0,
        0,
        0,
        0,
        0,
        0,
        0,
        0,
        0,
        0,
        0,
        0,
        0,
        0,
        0,
        0,
        0,
        0,
        0,
        0
      ]
    },
    {
      "command": "./triad_8",
      "mean": 0.013203822732413792,
      "stddev": 0.0018010372082414273,
      "median": 0.01289616056,
      "user": 0.002467846206896552,
      "system": 0.0004874751724137931,
      "min": 0.010765136560000001,
      "max": 0.02007764056,
      "times": [
        0.013584067560000001,
        0.01209015156,
        0.01282776056,
        0.010765136560000001,
        0.012696858560000001,
        0.01277755956,
        0.01608889656,
        0.011383644560000001,
        0.013593368560000001,
        0.011053739560000001,
        0.01159574656,
        0.01158344556,
        0.01342896656,
        0.01289616056,
        0.014543978560000002,
        0.02007764056,
        0.01199925056,
        0.014064673560000001,
        0.01171734756,
        0.01181874856,
        0.01294876156,
        0.01327056456,
        0.01262675756,
        0.01266435856,
        0.013840171560000001,
        0.01415557456,
        0.01420577456,
        0.013892672560000001,
        0.014719081560000001
      ],
      "exit_codes": [
        0,
        0,
        0,
        0,
        0,
        0,
        0,
        0,
        0,
        0,
        0,
        0,
        0,
        0,
        0,
        0,
        0,
        0,
        0,
        0,
        0,
        0,
        0,
        0,
        0,
        0,
        0,
        0,
        0
      ]
    },
    {
      "command": "./triad_16",
      "mean": 0.013670311083809525,
      "stddev": 0.0018603388296269203,
      "median": 0.01318636356,
      "user": 0.002742117142857143,
      "system": 0.0005301476190476192,
      "min": 0.01110874056,
      "max": 0.01765463356,