command,mean,stddev,median,user,system,min,max
./md_no,0.02545234218857143,0.004465885532698505,0.024068927260000005,0.017242568571428574,0.0014630785714285712,0.02183968576,0.04067800776
./md_auto,0.022261819938571435,0.001801157282996501,0.021669736260000003,0.014516675714285712,0.0014615585714285713,0.020010893760000002,0.026646065760000004
./md_manual,0.021655985635,0.001763771187732949,0.02145988726,0.013327598333333334,0.0012971499999999997,0.01893809876,0.026424666760000003
./md_2,0.022571223680000002,0.002081129825865747,0.021757611760000004,0.015693319999999993,0.000693504,0.019792683760000002,0.02654878076
./md_4,0.028133055474285722,0.003516165422636841,0.02812710376,0.015695878095238095,0.0009905523809523808,0.022549622760000002,0.03722543276
./md_8,0.02875557034333334,0.002377930518352495,0.028915114760000003,0.015140806666666668,0.001994423333333333,0.024713553760000003,0.034268190760000004
./md_16,0.028631510712380945,0.0025897547247486874,0.02805590176,0.01486197333333333,0.0011813619047619048,0.024800055760000002,0.03395649676
./md_32,0.03057664248727273,0.002482078841027477,0.030413084760000004,0.01377054909090909,0.0025614163636363636,0.027125177760000004,0.03684894776
./md_64,0.03168934736000001,0.0032074362169469376,0.030630139260000005,0.015497539999999999,0.000980928,0.028132195760000003,0.04003210276
