{
  "results": [
    {
      "command": "./md_no",
      "mean": 0.02545234218857143,
      "stddev": 0.004465885532698505,
      "median": 0.024068927260000005,
      "user": 0.017242568571428574,
      "system": 0.0014630785714285712,
      "min": 0.02183968576,
      "max": 0.04067800776,
      "times": [
        0.02458996076,
        0.022714254760000004,
        0.023663257760000004,
        0.022234953760000002,
        0.02441466076,
        0.026341667760000003,
        0.03137104676,
        0.03264694076,
        0.023905377760000002,
        0.03553782976,
        0.02183968576,
        0.02270458276,
        0.02239968376,
        0.021935785760000003,
        0.02321247976,
        0.023457678760000003,
        0.022855581760000004,
        0.029104255760000003,
        0.023183980760000004,
        0.025299071760000003,
        0.024690273760000003,
        0.022765681760000003,
        0.04067800776,
        0.024232476760000003,
        0.023830677760000002,
        0.024482674760000003,
        0.02430127576,
        0.024271775760000003
      ],
      "exit_codes": [
        0,
        0,
        0,
        0,
        0,
        0,
        0,
        0,
        0,
        0,
        0,
        0,
        0,
        0,
        0,
        0,
        0,
        0,
        0,
        0,
        0,
        0,
        0,
        0,
        0,
        0,
        0,
        0
      ]
    },
    {
      "command": "./md_auto",
      "mean": 0.022261819938571435,
      "stddev": 0.001801157282996501,
      "median": 0.021669736260000003,
      "user": 0.014516675714285712,
      "system": 0.0014615585714285713,
      "min": 0.020010893760000002,
      "max": 0.026646065760000004,
      "times": [
        0.022500282760000004,
        0.021171388760000003,
        0.025460470760000003,
        0.022193984760000004,
        0.021125289760000002,
        0.022332684760000002,
        0.023269979760000004,
        0.022658082760000003,
        0.02184218576,
        0.021435587760000003,
        0.02062649076,
        0.020010893760000002,
        0.02096438976,
        0.022347783760000003,
        0.026646065760000004,
        0.026271467760000004,
        0.02379517776,
        0.022349783760000002,
        0.02149728676,
        0.020800790760000003,
        0.02120388876,
        0.02072109076,
        0.021306087760000002,
        0.020844089760000004,
        0.02043769176,
        0.020737289760000003,
        0.023430279760000002,
        0.025350471760000003
      ],
      "exit_codes": [
        0,
        0,
        0,
        0,
        0,
        0,
        0,
        0,
        0,
        0,
        0,
        0,
        0,
        0,
        0,
        0,
        0,
        0,
        0,
        0,
        0,
        0,
        0,
        0,
        0,
        0,
        0,
        0
      ]
    },
    {
      "command": "./md_manual",
      "mean": 0.021655985635,
      "stddev": 0.001763771187732949,
      "median": 0.02145988726,
      "user": 0.013327598333333334,
      "system": 0.0012971499999999997,
      "min": 0.01893809876,
      "max": 0.026424666760000003,
      "times": [
        0.026424666760000003,
        0.023874977760000003,
        0.01893809876,
        0.022362383760000003,
        0.019834993760000003,
        0.02132548776,
        0.02161018676,
        0.02310678076,
        0.019857093760000003,
        0.021187188760000003,
        0.019945293760000003,
        0.02174388576,
        0.02104438876,
        0.02159428676,
        0.019244696760000003,
        0.019904593760000002,
        0.020626895760000003,
        0.021088602760000002,
        0.022233619760000004,
        0.022374321760000003,
        0.02079299776,
        0.02422024776,
        0.02271652576,
        0.023691439760000002
      ],
      "exit_codes": [
        0,
        0,
        0,
        0,
        0,
        0,
        0,
        0,
        0,
        0,
        0,
        0,
        0,
        0,
        0,
        0,
        0,
        0,
        0,
        0,
        0,
        0,
        0,
        0
      ]
    },
    {
      "command": "./md_2",
      "mean": 0.022571223680000002,
      "stddev": 0.002081129825865747,
      "median": 0.021757611760000004,
      "user": 0.015693319999999993,
      "system": 0.000693504,
      "min": 0.019792683760000002,
      "max": 0.02654878076,
      "times": [
        0.024962658760000003,
        0.021718411760000004,
        0.025354763760000003,
        0.023577737760000002,
        0.02136540676,
        0.02122060476,
        0.02398454376,
        0.02181521276,
        0.02188121376,
        0.020894299760000002,
        0.020648595760000003,
        0.021187003760000003,
        0.025844269760000003,
        0.02654878076,
        0.019792683760000002,
        0.02161321076,
        0.02050519476,
        0.02134430576,
        0.020045287760000002,
        0.020657795760000004,
        0.024879955760000003,
        0.021757611760000004,
        0.02199241576,
        0.024539151760000003,
        0.026149474760000003
      ],
      "exit_codes": [
        0,
        0,
        0,
        0,
        0,
        0,
        0,
        0,
        0,
        0,
        0,
        0,
        0,
        0,
        0,
        0,
        0,
        0,
        0,
        0,
        0,
        0,
        0,
        0,
        0
      ]
    },
    {
      "command": "./md_4",
      "mean": 0.028133055474285722,
      "stddev": 0.003516165422636841,
      "median": 0.02812710376,
      "user": 0.015695878095238095,
      "system": 0.0009905523809523808,
      "min": 0.022549622760000002,
      "max": 0.03722543276,
      "times": [
        0.03273656876,
        0.027062087760000002,
        0.028826513760000002,
        0.02438074976,
        0.023555437760000002,
        0.028015401760000003,
        0.03213826076,
        0.028570408760000002,
        0.024911356760000003,
        0.02639467876,
        0.024651752760000003,
        0.029772626760000004,
        0.03722543276,
        0.03152635076,
        0.030730139760000004,
        0.022549622760000002,
        0.025358362760000003,
        0.02812710376,
        0.02623537676,
        0.029058215760000002,
        0.028967715760000002
      ],
      "exit_codes": [
        0,
        0,
        0,
        0,
        0,
        0,
        0,
        0,
        0,
        0,
        0,
        0,
        0,
        0,
        0,
        0,
        0,
        0,
        0,
        0,
        0
      ]
    },
    {
      "command": "./md_8",
      "mean": 0.02875557034333334,
      "stddev": 0.002377930518352495,
      "median": 0.028915114760000003,
      "user": 0.015140806666666668,
      "system": 0.001994423333333333,
      "min": 0.024713553760000003,
      "max": 0.034268190760000004,
      "times": [
        0.028932014760000003,
        0.025170260760000004,
        0.02754249476,
        0.026878585760000004,
        0.024740954760000003,
        0.027015886760000003,
        0.027217590760000004,
        0.024713553760000003,
        0.028051001760000003,
        0.029635624760000003,
        0.02653537976,
        0.028918414760000004,
        0.03199285776,
        0.034268190760000004,
        0.031747554760000005,
        0.028349805760000003,
        0.030795040760000003,
        0.02952162276,
        0.030344434760000004,
        0.02902971576,
        0.028750511760000003,
        0.02905011676,
        0.02891181476,
        0.03202025876
      ],
      "exit_codes": [
        0,
        0,
        0,
        0,
        0,
        0,
        0,
        0,
        0,
        0,
        0,
        0,
        0,
        0,
        0,
        0,
        0,
        0,
        0,
        0,
        0,
        0,
        0,
        0
      ]
    },
    {
      "command": "./md_16",
      "mean": 0.028631510712380945,
      "stddev": 0.0025897547247486874,
      "median": 0.02805590176,